bin_end_time,compound_count,compound_mean,compound_std,compound_max,compound_min,ticker
2025-04-23 09:30:00-04:00,0,0.0,0.0,0.0,0.0,TSLA
2025-04-23 10:00:00-04:00,0,0.0,0.0,0.0,0.0,TSLA
2025-04-23 10:30:00-04:00,0,0.0,0.0,0.0,0.0,TSLA
2025-04-23 11:00:00-04:00,0,0.0,0.0,0.0,0.0,TSLA
2025-04-23 11:30:00-04:00,0,0.0,0.0,0.0,0.0,TSLA
2025-04-23 12:00:00-04:00,0,0.0,0.0,0.0,0.0,TSLA
2025-04-23 12:30:00-04:00,0,0.0,0.0,0.0,0.0,TSLA
2025-04-23 13:00:00-04:00,0,0.0,0.0,0.0,0.0,TSLA
2025-04-23 13:30:00-04:00,0,0.0,0.0,0.0,0.0,TSLA
2025-04-23 14:00:00-04:00,0,0.0,0.0,0.0,0.0,TSLA
2025-04-23 14:30:00-04:00,0,0.0,0.0,0.0,0.0,TSLA
2025-04-23 15:00:00-04:00,0,0.0,0.0,0.0,0.0,TSLA
2025-04-23 15:30:00-04:00,0,0.0,0.0,0.0,0.0,TSLA
2025-04-23 16:00:00-04:00,0,0.0,0.0,0.0,0.0,TSLA
2025-04-23 16:30:00-04:00,0,0.0,0.0,0.0,0.0,TSLA
2025-04-24 09:30:00-04:00,0,0.0,0.0,0.0,0.0,TSLA
2025-04-24 10:00:00-04:00,0,0.0,0.0,0.0,0.0,TSLA
2025-04-24 10:30:00-04:00,0,0.0,0.0,0.0,0.0,TSLA
2025-04-24 11:00:00-04:00,0,0.0,0.0,0.0,0.0,TSLA
2025-04-24 11:30:00-04:00,0,0.0,0.0,0.0,0.0,TSLA
2025-04-24 12:00:00-04:00,0,0.0,0.0,0.0,0.0,TSLA
2025-04-24 12:30:00-04:00,0,0.0,0.0,0.0,0.0,TSLA
2025-04-24 13:00:00-04:00,0,0.0,0.0,0.0,0.0,TSLA
2025-04-24 13:30:00-04:00,7,-0.05358571428571429,0.30274704748668446,0.4588,-0.4939,TSLA
2025-04-24 14:00:00-04:00,4,-0.059525,0.27123455255553264,0.2023,-0.4404,TSLA
2025-04-24 14:30:00-04:00,8,-0.11373749999999999,0.28314484399079465,0.2057,-0.5719,TSLA
2025-04-24 15:00:00-04:00,9,-0.2201111111111111,0.3789942230577019,0.4939,-0.7269,TSLA
2025-04-24 15:30:00-04:00,10,-0.11815,0.30153956898998624,0.4588,-0.6369,TSLA
2025-04-24 16:00:00-04:00,5,-0.38,0.36851700774862484,0.0772,-0.8225,TSLA
2025-04-24 16:30:00-04:00,8,-0.06095,0.21900468357679345,0.2023,-0.4939,TSLA
2025-04-25 09:30:00-04:00,0,0.0,0.0,0.0,0.0,TSLA
2025-04-25 10:00:00-04:00,0,0.0,0.0,0.0,0.0,TSLA
2025-04-25 10:30:00-04:00,0,0.0,0.0,0.0,0.0,TSLA
2025-04-25 11:00:00-04:00,0,0.0,0.0,0.0,0.0,TSLA
2025-04-25 11:30:00-04:00,0,0.0,0.0,0.0,0.0,TSLA
2025-04-25 12:00:00-04:00,0,0.0,0.0,0.0,0.0,TSLA
2025-04-25 12:30:00-04:00,0,0.0,0.0,0.0,0.0,TSLA
2025-04-25 13:00:00-04:00,0,0.0,0.0,0.0,0.0,TSLA
2025-04-25 13:30:00-04:00,0,0.0,0.0,0.0,0.0,TSLA
2025-04-25 14:00:00-04:00,18,0.15126111111111112,0.28265123622561655,0.5106,-0.6249,TSLA
2025-04-25 14:30:00-04:00,6,-0.11731666666666667,0.20929806895111733,0.128,-0.4019,TSLA
2025-04-25 15:00:00-04:00,2,0.0,0.0,0.0,0.0,TSLA
2025-04-25 15:30:00-04:00,19,-0.050547368421052626,0.28213095731596594,0.4019,-0.6808,TSLA
2025-04-25 16:00:00-04:00,14,0.12257142857142858,0.41724816712243684,0.7579,-0.765,TSLA
2025-04-25 16:30:00-04:00,8,0.2684375,0.43640655336673,0.7351,-0.5719,TSLA
2025-04-28 09:30:00-04:00,0,0.0,0.0,0.0,0.0,TSLA
2025-04-28 10:00:00-04:00,0,0.0,0.0,0.0,0.0,TSLA
2025-04-28 10:30:00-04:00,0,0.0,0.0,0.0,0.0,TSLA
2025-04-28 11:00:00-04:00,0,0.0,0.0,0.0,0.0,TSLA
2025-04-28 11:30:00-04:00,0,0.0,0.0,0.0,0.0,TSLA
2025-04-28 12:00:00-04:00,0,0.0,0.0,0.0,0.0,TSLA
2025-04-28 12:30:00-04:00,7,-0.1026,0.31929361618005037,0.34,-0.5994,TSLA
2025-04-28 13:00:00-04:00,8,0.0252875,0.07152385091701928,0.2023,0.0,TSLA
2025-04-28 13:30:00-04:00,2,0.31845,0.45035630893771217,0.6369,0.0,TSLA
2025-04-28 14:00:00-04:00,6,-0.28981666666666667,0.31793531679677656,0.0,-0.6096,TSLA
2025-04-28 14:30:00-04:00,7,0.0009714285714285596,0.36224014923015607,0.5106,-0.5106,TSLA
2025-04-28 15:00:00-04:00,9,0.09351111111111111,0.2850010326492013,0.6369,-0.3612,TSLA
2025-04-28 15:30:00-04:00,2,-0.05135,0.07261986642785843,0.0,-0.1027,TSLA
2025-04-28 16:00:00-04:00,11,0.06412727272727271,0.289707121386096,0.4215,-0.5106,TSLA
2025-04-28 16:30:00-04:00,12,0.15198333333333333,0.3308397217916124,0.5574,-0.4019,TSLA
2025-04-29 09:30:00-04:00,0,0.0,0.0,0.0,0.0,TSLA
2025-04-29 10:00:00-04:00,0,0.0,0.0,0.0,0.0,TSLA
2025-04-29 10:30:00-04:00,0,0.0,0.0,0.0,0.0,TSLA
2025-04-29 11:00:00-04:00,0,0.0,0.0,0.0,0.0,TSLA
2025-04-29 11:30:00-04:00,4,-0.154475,0.4096681695795594,0.2023,-0.743,TSLA
2025-04-29 12:00:00-04:00,10,-0.12197999999999998,0.43834621983592426,0.4767,-0.6808,TSLA
2025-04-29 12:30:00-04:00,12,-0.11200833333333333,0.3326371090060139,0.5267,-0.5719,TSLA
2025-04-29 13:00:00-04:00,4,-0.11655,0.21624229466041098,0.0,-0.4404,TSLA
2025-04-29 13:30:00-04:00,6,-0.023383333333333322,0.3563462272378742,0.5994,-0.4215,TSLA
2025-04-29 14:00:00-04:00,9,0.04046666666666667,0.5089885411283833,0.8934,-0.6249,TSLA
2025-04-29 14:30:00-04:00,9,-0.18695555555555557,0.30232126583781327,0.0,-0.765,TSLA
2025-04-29 15:00:00-04:00,4,-0.22602499999999998,0.28294925781842933,0.0,-0.5859,TSLA
2025-04-29 15:30:00-04:00,5,0.020700000000000007,0.28495414543396275,0.2732,-0.4215,TSLA
2025-04-29 16:00:00-04:00,9,0.10048888888888889,0.19318061137472134,0.4767,0.0,TSLA
2025-04-29 16:30:00-04:00,2,0.06314999999999998,0.8114050314115633,0.6369,-0.5106,TSLA
2025-04-30 09:30:00-04:00,0,0.0,0.0,0.0,0.0,TSLA
2025-04-30 10:00:00-04:00,0,0.0,0.0,0.0,0.0,TSLA
2025-04-30 10:30:00-04:00,0,0.0,0.0,0.0,0.0,TSLA
2025-04-30 11:00:00-04:00,0,0.0,0.0,0.0,0.0,TSLA
2025-04-30 11:30:00-04:00,0,0.0,0.0,0.0,0.0,TSLA
2025-04-30 12:00:00-04:00,0,0.0,0.0,0.0,0.0,TSLA
2025-04-30 12:30:00-04:00,0,0.0,0.0,0.0,0.0,TSLA
2025-04-30 13:00:00-04:00,1,0.0,,0.0,0.0,TSLA
2025-04-30 13:30:00-04:00,9,-0.2640222222222222,0.2903574210252675,0.0,-0.6808,TSLA
2025-04-30 14:00:00-04:00,9,0.06770000000000001,0.21381833995239977,0.4767,-0.296,TSLA
2025-04-30 14:30:00-04:00,9,0.09541111111111111,0.3606124458627449,0.4215,-0.4019,TSLA
2025-04-30 15:00:00-04:00,10,0.13412,0.2915878247724955,0.5267,-0.4019,TSLA
2025-04-30 15:30:00-04:00,10,-0.11703,0.27916362406302153,0.2023,-0.6115,TSLA
2025-04-30 16:00:00-04:00,8,-0.11486249999999999,0.3343911265804077,0.3291,-0.6486,TSLA
2025-04-30 16:30:00-04:00,9,-0.015422222222222214,0.3048329410422116,0.4404,-0.5267,TSLA
2025-05-01 09:30:00-04:00,0,0.0,0.0,0.0,0.0,TSLA
2025-05-01 10:00:00-04:00,0,0.0,0.0,0.0,0.0,TSLA
2025-05-01 10:30:00-04:00,0,0.0,0.0,0.0,0.0,TSLA
2025-05-01 11:00:00-04:00,0,0.0,0.0,0.0,0.0,TSLA
2025-05-01 11:30:00-04:00,0,0.0,0.0,0.0,0.0,TSLA
2025-05-01 12:00:00-04:00,0,0.0,0.0,0.0,0.0,TSLA
2025-05-01 12:30:00-04:00,7,-0.1783142857142857,0.3069548035600216,0.0,-0.6908,TSLA
2025-05-01 13:00:00-04:00,5,-0.28238,0.4160547704329323,0.2263,-0.8316,TSLA
2025-05-01 13:30:00-04:00,9,0.1607888888888889,0.2898882433130242,0.4939,-0.4215,TSLA
2025-05-01 14:00:00-04:00,8,-0.013312499999999991,0.4448455476342323,0.5994,-0.7783,TSLA
2025-05-01 14:30:00-04:00,10,0.1078,0.3102348680166904,0.4404,-0.4215,TSLA
2025-05-01 15:00:00-04:00,2,-0.05710000000000001,0.4343049850047775,0.25,-0.3642,TSLA
2025-05-01 15:30:00-04:00,2,-0.1594,0.3706653746979882,0.1027,-0.4215,TSLA
2025-05-01 16:00:00-04:00,4,0.1745,0.4085104813016838,0.5574,-0.3182,TSLA
2025-05-01 16:30:00-04:00,3,0.1531,0.4050645257239889,0.6124,-0.1531,TSLA
2025-05-02 09:30:00-04:00,12,-0.26331666666666664,0.27164604253373986,0.0258,-0.8268,TSLA
2025-05-02 10:00:00-04:00,7,-0.10807142857142858,0.39077584672156024,0.3818,-0.6124,TSLA
2025-05-02 10:30:00-04:00,6,-0.05861666666666667,0.2981686664736365,0.2732,-0.6249,TSLA
2025-05-02 11:00:00-04:00,10,-0.12138,0.5089595351739119,0.5719,-0.8481,TSLA
2025-05-02 11:30:00-04:00,5,-0.11004,0.29718684863230405,0.2732,-0.4215,TSLA
2025-05-02 12:00:00-04:00,3,-0.2704,0.29493322973174796,0.0,-0.5849,TSLA
2025-05-02 12:30:00-04:00,8,-0.1703875,0.2581461459688512,0.0,-0.5945,TSLA
2025-05-02 13:00:00-04:00,2,-0.2294,0.324420591208388,0.0,-0.4588,TSLA
2025-05-02 13:30:00-04:00,3,0.18969999999999998,0.40134507596331614,0.4404,-0.2732,TSLA
2025-05-02 14:00:00-04:00,5,-0.010360000000000013,0.43703798805138205,0.4019,-0.7269,TSLA
2025-05-02 14:30:00-04:00,6,0.16141666666666668,0.3046450814746016,0.5859,-0.128,TSLA
2025-05-02 15:00:00-04:00,4,-0.14545,0.17645389388354868,0.0,-0.4019,TSLA
2025-05-02 15:30:00-04:00,5,0.02054,0.045928836257845676,0.1027,0.0,TSLA
2025-05-02 16:00:00-04:00,1,0.0,,0.0,0.0,TSLA
2025-05-02 16:30:00-04:00,3,-0.16463333333333333,0.2851532979527562,0.0,-0.4939,TSLA
2025-05-05 09:30:00-04:00,12,-0.001316666666666665,0.3088606329820306,0.4767,-0.5267,TSLA
2025-05-05 10:00:00-04:00,1,0.0,,0.0,0.0,TSLA
2025-05-05 10:30:00-04:00,7,-0.06585714285714285,0.27074856021250204,0.3612,-0.4404,TSLA
2025-05-05 11:00:00-04:00,3,0.12956666666666666,0.4370263188108164,0.4767,-0.3612,TSLA
2025-05-05 11:30:00-04:00,8,0.1138125,0.31040986930876685,0.4404,-0.3612,TSLA
2025-05-05 12:00:00-04:00,2,0.17,0.2404163056034262,0.34,0.0,TSLA
2025-05-05 12:30:00-04:00,3,0.038633333333333325,0.2623918126263343,0.3182,-0.2023,TSLA
2025-05-05 13:00:00-04:00,4,0.18869999999999998,0.22780304358516956,0.4588,0.0,TSLA
2025-05-05 13:30:00-04:00,4,0.14632499999999998,0.1829371727306035,0.3818,-0.0516,TSLA
2025-05-05 14:00:00-04:00,2,0.26335,0.37243314165095454,0.5267,0.0,TSLA
2025-05-05 14:30:00-04:00,4,-0.074,0.14799999999999996,0.0,-0.296,TSLA
2025-05-05 15:00:00-04:00,6,0.04933333333333333,0.12084149397730345,0.296,0.0,TSLA
2025-05-05 15:30:00-04:00,2,0.0,0.0,0.0,0.0,TSLA
2025-05-05 16:00:00-04:00,4,-0.10095,0.47431593901111946,0.3612,-0.765,TSLA
2025-05-05 16:30:00-04:00,5,-0.07651999999999999,0.29738726771669294,0.2023,-0.5849,TSLA
2025-05-06 09:30:00-04:00,0,0.0,0.0,0.0,0.0,TSLA
2025-05-06 10:00:00-04:00,5,0.09585999999999997,0.3733365880810505,0.3818,-0.5106,TSLA
2025-05-06 10:30:00-04:00,5,0.04490000000000001,0.2343674892129879,0.3182,-0.296,TSLA
2025-05-06 11:00:00-04:00,7,-0.06905714285714286,0.4929197698650456,0.5719,-0.8316,TSLA
2025-05-06 11:30:00-04:00,7,0.23008571428571428,0.3673951570565015,0.6369,-0.2023,TSLA
2025-05-06 12:00:00-04:00,10,-0.15436,0.2948131016235352,0.2732,-0.7269,TSLA
2025-05-06 12:30:00-04:00,6,0.07024999999999999,0.17207665443051828,0.4215,0.0,TSLA
2025-05-06 13:00:00-04:00,5,0.008320000000000017,0.4607114031582027,0.4767,-0.7311,TSLA
2025-05-06 13:30:00-04:00,2,-0.15170000000000003,0.6331434118744347,0.296,-0.5994,TSLA
2025-05-06 14:00:00-04:00,3,-0.17556666666666665,0.30409038678217587,0.0,-0.5267,TSLA
2025-05-06 14:30:00-04:00,6,-0.08183333333333334,0.4650038222065134,0.5106,-0.5106,TSLA
2025-05-06 15:00:00-04:00,0,0.0,0.0,0.0,0.0,TSLA
2025-05-06 15:30:00-04:00,9,-0.13755555555555554,0.3756160976020301,0.4939,-0.5849,TSLA
2025-05-06 16:00:00-04:00,5,-0.011679999999999992,0.3443152145926752,0.4939,-0.3818,TSLA
2025-05-06 16:30:00-04:00,1,-0.3291,,-0.3291,-0.3291,TSLA
2025-05-07 09:30:00-04:00,6,-0.08056666666666665,0.4860939730820232,0.5994,-0.8658,TSLA
2025-05-07 10:00:00-04:00,5,-0.029900000000000017,0.451258684126965,0.4754,-0.6249,TSLA
2025-05-07 10:30:00-04:00,5,0.05539999999999999,0.26259375468582646,0.4754,-0.25,TSLA
2025-05-07 11:00:00-04:00,5,-0.0651,0.5871101983443994,0.5267,-0.743,TSLA
2025-05-07 11:30:00-04:00,5,-0.13006,0.36659135014345334,0.128,-0.7783,TSLA
2025-05-07 12:00:00-04:00,4,-0.19355,0.457127250700867,0.3566,-0.6369,TSLA
2025-05-07 12:30:00-04:00,3,-0.3221,0.34774966570796295,0.0,-0.6908,TSLA
2025-05-07 13:00:00-04:00,4,-0.1101,0.2202,0.0,-0.4404,TSLA
2025-05-07 13:30:00-04:00,7,0.006742857142857146,0.27336127412359673,0.3612,-0.4404,TSLA
2025-05-07 14:00:00-04:00,4,0.159225,0.31845,0.6369,0.0,TSLA
2025-05-07 14:30:00-04:00,4,-0.249075,0.3785507220527609,0.128,-0.6839,TSLA
2025-05-07 15:00:00-04:00,6,0.05933333333333333,0.4101782279286245,0.4215,-0.4767,TSLA
2025-05-07 15:30:00-04:00,2,-0.26335,0.37243314165095454,0.0,-0.5267,TSLA
2025-05-07 16:00:00-04:00,3,0.0,0.0,0.0,0.0,TSLA
2025-05-07 16:30:00-04:00,5,-0.04482000000000001,0.3671766768192119,0.3818,-0.3818,TSLA
2025-05-08 09:30:00-04:00,0,0.0,0.0,0.0,0.0,TSLA
2025-05-08 10:00:00-04:00,0,0.0,0.0,0.0,0.0,TSLA
2025-05-08 10:30:00-04:00,0,0.0,0.0,0.0,0.0,TSLA
2025-05-08 11:00:00-04:00,0,0.0,0.0,0.0,0.0,TSLA
2025-05-08 11:30:00-04:00,0,0.0,0.0,0.0,0.0,TSLA
2025-05-08 12:00:00-04:00,0,0.0,0.0,0.0,0.0,TSLA
2025-05-08 12:30:00-04:00,0,0.0,0.0,0.0,0.0,TSLA
2025-05-08 13:00:00-04:00,0,0.0,0.0,0.0,0.0,TSLA
2025-05-08 13:30:00-04:00,0,0.0,0.0,0.0,0.0,TSLA
2025-05-08 14:00:00-04:00,0,0.0,0.0,0.0,0.0,TSLA
2025-05-08 14:30:00-04:00,0,0.0,0.0,0.0,0.0,TSLA
2025-05-08 15:00:00-04:00,0,0.0,0.0,0.0,0.0,TSLA
2025-05-08 15:30:00-04:00,0,0.0,0.0,0.0,0.0,TSLA
2025-05-08 16:00:00-04:00,3,-0.1343333333333333,0.7215403615414271,0.5106,-0.9136,TSLA
2025-05-08 16:30:00-04:00,22,-0.006790909090909087,0.36175920024380714,0.6705,-0.8481,TSLA
2025-05-09 09:30:00-04:00,0,0.0,0.0,0.0,0.0,TSLA
2025-05-09 10:00:00-04:00,0,0.0,0.0,0.0,0.0,TSLA
2025-05-09 10:30:00-04:00,0,0.0,0.0,0.0,0.0,TSLA
2025-05-09 11:00:00-04:00,0,0.0,0.0,0.0,0.0,TSLA
2025-05-09 11:30:00-04:00,0,0.0,0.0,0.0,0.0,TSLA
2025-05-09 12:00:00-04:00,0,0.0,0.0,0.0,0.0,TSLA
2025-05-09 12:30:00-04:00,0,0.0,0.0,0.0,0.0,TSLA
2025-05-09 13:00:00-04:00,0,0.0,0.0,0.0,0.0,TSLA
2025-05-09 13:30:00-04:00,0,0.0,0.0,0.0,0.0,TSLA
2025-05-09 14:00:00-04:00,0,0.0,0.0,0.0,0.0,TSLA
2025-05-09 14:30:00-04:00,0,0.0,0.0,0.0,0.0,TSLA
2025-05-09 15:00:00-04:00,0,0.0,0.0,0.0,0.0,TSLA
2025-05-09 15:30:00-04:00,0,0.0,0.0,0.0,0.0,TSLA
2025-05-09 16:00:00-04:00,4,-0.051949999999999996,0.5053103699707735,0.5106,-0.7184,TSLA
2025-05-09 16:30:00-04:00,28,0.06977857142857144,0.4470095320527648,0.8834,-0.8442,TSLA
2025-05-12 09:30:00-04:00,0,0.0,0.0,0.0,0.0,TSLA
2025-05-12 10:00:00-04:00,0,0.0,0.0,0.0,0.0,TSLA
2025-05-12 10:30:00-04:00,0,0.0,0.0,0.0,0.0,TSLA
2025-05-12 11:00:00-04:00,0,0.0,0.0,0.0,0.0,TSLA
2025-05-12 11:30:00-04:00,0,0.0,0.0,0.0,0.0,TSLA
2025-05-12 12:00:00-04:00,0,0.0,0.0,0.0,0.0,TSLA
2025-05-12 12:30:00-04:00,0,0.0,0.0,0.0,0.0,TSLA
2025-05-12 13:00:00-04:00,0,0.0,0.0,0.0,0.0,TSLA
2025-05-12 13:30:00-04:00,0,0.0,0.0,0.0,0.0,TSLA
2025-05-12 14:00:00-04:00,0,0.0,0.0,0.0,0.0,TSLA
2025-05-12 14:30:00-04:00,0,0.0,0.0,0.0,0.0,TSLA
2025-05-12 15:00:00-04:00,0,0.0,0.0,0.0,0.0,TSLA
2025-05-12 15:30:00-04:00,6,-0.20725000000000002,0.19431038829666314,0.0,-0.4404,TSLA
2025-05-12 16:00:00-04:00,15,0.049100000000000005,0.2841626923336097,0.6908,-0.4019,TSLA
2025-05-12 16:30:00-04:00,13,0.031192307692307686,0.27225057227224353,0.5267,-0.5574,TSLA
2025-05-13 09:30:00-04:00,0,0.0,0.0,0.0,0.0,TSLA
2025-05-13 10:00:00-04:00,0,0.0,0.0,0.0,0.0,TSLA
2025-05-13 10:30:00-04:00,0,0.0,0.0,0.0,0.0,TSLA
2025-05-13 11:00:00-04:00,0,0.0,0.0,0.0,0.0,TSLA
2025-05-13 11:30:00-04:00,0,0.0,0.0,0.0,0.0,TSLA
2025-05-13 12:00:00-04:00,0,0.0,0.0,0.0,0.0,TSLA
2025-05-13 12:30:00-04:00,0,0.0,0.0,0.0,0.0,TSLA
2025-05-13 13:00:00-04:00,0,0.0,0.0,0.0,0.0,TSLA
2025-05-13 13:30:00-04:00,0,0.0,0.0,0.0,0.0,TSLA
2025-05-13 14:00:00-04:00,0,0.0,0.0,0.0,0.0,TSLA
2025-05-13 14:30:00-04:00,0,0.0,0.0,0.0,0.0,TSLA
2025-05-13 15:00:00-04:00,2,0.148,0.20930360723121805,0.296,0.0,TSLA
2025-05-13 15:30:00-04:00,4,0.1568,0.5012467456253457,0.4767,-0.5859,TSLA
2025-05-13 16:00:00-04:00,19,-0.0236,0.3125603195118237,0.6096,-0.5574,TSLA
2025-05-13 16:30:00-04:00,18,-0.10797777777777778,0.2628803385921067,0.5267,-0.6705,TSLA
2025-05-14 09:30:00-04:00,13,0.05895384615384616,0.26737510048427165,0.6369,-0.3182,TSLA
2025-05-14 10:00:00-04:00,1,0.0,,0.0,0.0,TSLA
2025-05-14 10:30:00-04:00,8,0.05904999999999999,0.2557304942987553,0.3818,-0.34,TSLA
2025-05-14 11:00:00-04:00,6,0.16605,0.28726311110200003,0.7003,0.0,TSLA
2025-05-14 11:30:00-04:00,5,0.28632,0.39454279489049093,0.7783,0.0,TSLA
2025-05-14 12:00:00-04:00,4,0.155925,0.31185000000000007,0.6237,0.0,TSLA
2025-05-14 12:30:00-04:00,3,0.21230000000000002,0.36771438644687265,0.6369,0.0,TSLA
2025-05-14 13:00:00-04:00,6,-0.2188,0.3844099426393652,0.1027,-0.7906,TSLA
2025-05-14 13:30:00-04:00,3,0.06936666666666667,0.26407370814477793,0.3612,-0.1531,TSLA
2025-05-14 14:00:00-04:00,3,0.0,0.0,0.0,0.0,TSLA
2025-05-14 14:30:00-04:00,4,-0.0033999999999999864,0.38681419312119353,0.5106,-0.4215,TSLA
2025-05-14 15:00:00-04:00,8,-0.005312499999999991,0.5315116029844907,0.8658,-0.7783,TSLA
2025-05-14 15:30:00-04:00,2,-0.18535,0.2621244837858531,0.0,-0.3707,TSLA
2025-05-14 16:00:00-04:00,3,0.1062,0.7369615118851187,0.8905,-0.5719,TSLA
2025-05-14 16:30:00-04:00,4,-0.084375,0.26814210629191876,0.25,-0.3612,TSLA
2025-05-15 09:30:00-04:00,21,0.03883809523809524,0.2899893678674969,0.6486,-0.9337,TSLA
2025-05-15 10:00:00-04:00,5,-0.16363999999999998,0.5198957857109442,0.5994,-0.8074,TSLA
2025-05-15 10:30:00-04:00,11,0.15897272727272727,0.3386154694957367,0.6369,-0.4939,TSLA
2025-05-15 11:00:00-04:00,3,0.2999,0.4135727626428027,0.7717,0.0,TSLA
2025-05-15 11:30:00-04:00,1,0.0,,0.0,0.0,TSLA
2025-05-15 12:00:00-04:00,7,-0.050957142857142854,0.38588132397211994,0.3818,-0.5765,TSLA
2025-05-15 12:30:00-04:00,9,0.07419999999999999,0.32533448556831474,0.4767,-0.6369,TSLA
2025-05-15 13:00:00-04:00,3,-0.28963333333333335,0.5016596488988658,0.0,-0.8689,TSLA
2025-05-15 13:30:00-04:00,3,-0.18489999999999998,0.35745640293607833,0.2263,-0.4215,TSLA
2025-05-15 14:00:00-04:00,3,-0.19063333333333332,0.33018661894954693,0.0,-0.5719,TSLA
2025-05-15 14:30:00-04:00,4,0.0669,0.30399915570058195,0.4939,-0.2263,TSLA
2025-05-15 15:00:00-04:00,1,-0.4767,,-0.4767,-0.4767,TSLA
2025-05-15 15:30:00-04:00,3,0.0086,0.014895636945092345,0.0258,0.0,TSLA
2025-05-15 16:00:00-04:00,3,0.1819666666666667,0.18403370162373342,0.368,0.0,TSLA
2025-05-15 16:30:00-04:00,4,0.18409999999999999,0.2206029011595269,0.4404,0.0,TSLA
2025-05-16 09:30:00-04:00,0,0.0,0.0,0.0,0.0,TSLA
2025-05-16 10:00:00-04:00,0,0.0,0.0,0.0,0.0,TSLA
2025-05-16 10:30:00-04:00,0,0.0,0.0,0.0,0.0,TSLA
2025-05-16 11:00:00-04:00,0,0.0,0.0,0.0,0.0,TSLA
2025-05-16 11:30:00-04:00,16,-0.127475,0.3124089232613776,0.3612,-0.7964,TSLA
2025-05-16 12:00:00-04:00,5,0.14522000000000002,0.33030334845411424,0.6124,-0.2263,TSLA
2025-05-16 12:30:00-04:00,7,0.2273857142857143,0.3094494919938278,0.7717,0.0,TSLA
2025-05-16 13:00:00-04:00,4,-0.135575,0.27115,0.0,-0.5423,TSLA
2025-05-16 13:30:00-04:00,4,-0.0029000000000000067,0.5232069125435302,0.6486,-0.5859,TSLA
2025-05-16 14:00:00-04:00,0,0.0,0.0,0.0,0.0,TSLA
2025-05-16 14:30:00-04:00,2,0.0,0.0,0.0,0.0,TSLA
2025-05-16 15:00:00-04:00,3,-0.1468,0.2542650585511112,0.0,-0.4404,TSLA
2025-05-16 15:30:00-04:00,2,0.0,0.0,0.0,0.0,TSLA
2025-05-16 16:00:00-04:00,2,-0.0129,0.018243354954612927,0.0,-0.0258,TSLA
2025-05-16 16:30:00-04:00,7,-0.07267142857142857,0.2539701735393726,0.3612,-0.4019,TSLA
2025-05-19 09:30:00-04:00,18,-0.1474388888888889,0.5095327018759892,0.5994,-0.8176,TSLA
2025-05-19 10:00:00-04:00,5,-0.04762,0.23639962351915875,0.2023,-0.4404,TSLA
2025-05-19 10:30:00-04:00,6,-0.0035333333333333328,0.2994972498482526,0.34,-0.3612,TSLA
2025-05-19 11:00:00-04:00,7,0.13297142857142857,0.26308068923358674,0.5994,-0.1531,TSLA
2025-05-19 11:30:00-04:00,5,-0.04384,0.2285704552211418,0.2023,-0.4215,TSLA
2025-05-19 12:00:00-04:00,4,0.19435,0.211165124961486,0.3818,-0.1027,TSLA
2025-05-19 12:30:00-04:00,6,0.13388333333333333,0.20779076415150569,0.4215,0.0,TSLA
2025-05-19 13:00:00-04:00,5,0.057620000000000005,0.25382681497430487,0.3818,-0.296,TSLA
2025-05-19 13:30:00-04:00,1,0.0,,0.0,0.0,TSLA
2025-05-19 14:00:00-04:00,2,-0.33525,0.4741150967855801,0.0,-0.6705,TSLA
2025-05-19 14:30:00-04:00,5,0.04649999999999997,0.43095435953242195,0.5267,-0.6124,TSLA
2025-05-19 15:00:00-04:00,2,-0.0258,0.03648670990922585,0.0,-0.0516,TSLA
2025-05-19 15:30:00-04:00,3,0.17246666666666666,0.4380500009511852,0.6705,-0.1531,TSLA
2025-05-19 16:00:00-04:00,5,-0.06024,0.28899576640497693,0.2411,-0.5423,TSLA
2025-05-19 16:30:00-04:00,5,0.04046,0.0904713103696415,0.2023,0.0,TSLA
2025-05-20 09:30:00-04:00,0,0.0,0.0,0.0,0.0,TSLA
2025-05-20 10:00:00-04:00,0,0.0,0.0,0.0,0.0,TSLA
2025-05-20 10:30:00-04:00,0,0.0,0.0,0.0,0.0,TSLA
2025-05-20 11:00:00-04:00,0,0.0,0.0,0.0,0.0,TSLA
2025-05-20 11:30:00-04:00,0,0.0,0.0,0.0,0.0,TSLA
2025-05-20 12:00:00-04:00,0,0.0,0.0,0.0,0.0,TSLA
2025-05-20 12:30:00-04:00,0,0.0,0.0,0.0,0.0,TSLA
2025-05-20 13:00:00-04:00,0,0.0,0.0,0.0,0.0,TSLA
2025-05-20 13:30:00-04:00,0,0.0,0.0,0.0,0.0,TSLA
2025-05-20 14:00:00-04:00,0,0.0,0.0,0.0,0.0,TSLA
2025-05-20 14:30:00-04:00,0,0.0,0.0,0.0,0.0,TSLA
2025-05-20 15:00:00-04:00,0,0.0,0.0,0.0,0.0,TSLA
2025-05-20 15:30:00-04:00,0,0.0,0.0,0.0,0.0,TSLA
2025-05-20 16:00:00-04:00,0,0.0,0.0,0.0,0.0,TSLA
2025-05-20 16:30:00-04:00,3,-0.34676666666666667,0.3501990338840662,0.0,-0.7003,TSLA
2025-05-21 09:30:00-04:00,0,0.0,0.0,0.0,0.0,TSLA
2025-05-21 10:00:00-04:00,0,0.0,0.0,0.0,0.0,TSLA
2025-05-21 10:30:00-04:00,0,0.0,0.0,0.0,0.0,TSLA
2025-05-21 11:00:00-04:00,0,0.0,0.0,0.0,0.0,TSLA
2025-05-21 11:30:00-04:00,0,0.0,0.0,0.0,0.0,TSLA
2025-05-21 12:00:00-04:00,0,0.0,0.0,0.0,0.0,TSLA
2025-05-21 12:30:00-04:00,0,0.0,0.0,0.0,0.0,TSLA
2025-05-21 13:00:00-04:00,11,0.05766363636363636,0.35406032613871685,0.4767,-0.8658,TSLA
2025-05-21 13:30:00-04:00,28,-0.009725000000000003,0.36607169265960277,0.743,-0.7506,TSLA
2025-05-21 14:00:00-04:00,19,0.16863684210526317,0.298613995003074,0.5574,-0.4019,TSLA
2025-05-21 14:30:00-04:00,4,0.147575,0.280744110950405,0.516,-0.128,TSLA
2025-05-21 15:00:00-04:00,2,0.1591,0.2250013777735594,0.3182,0.0,TSLA
2025-05-21 15:30:00-04:00,2,-0.3715,0.5253803384216048,0.0,-0.743,TSLA
2025-05-21 16:00:00-04:00,3,0.09866666666666667,0.1708956796801292,0.296,0.0,TSLA
2025-05-21 16:30:00-04:00,2,0.3723,0.24041630560342614,0.5423,0.2023,TSLA
2025-05-22 09:30:00-04:00,8,0.368925,0.268215743385805,0.7269,0.0,TSLA
2025-05-22 10:00:00-04:00,3,0.0,0.0,0.0,0.0,TSLA
2025-05-22 10:30:00-04:00,1,0.0,,0.0,0.0,TSLA
2025-05-22 11:00:00-04:00,1,0.0,,0.0,0.0,TSLA
2025-05-22 11:30:00-04:00,2,0.2732,0.0,0.2732,0.2732,TSLA
2025-05-22 12:00:00-04:00,0,0.0,0.0,0.0,0.0,TSLA
2025-05-22 12:30:00-04:00,1,0.0516,,0.0516,0.0516,TSLA
2025-05-22 13:00:00-04:00,2,0.0,0.0,0.0,0.0,TSLA
2025-05-22 13:30:00-04:00,4,0.1806,0.20853891723129284,0.3612,0.0,TSLA
2025-05-22 14:00:00-04:00,5,0.11326,0.16021278975163,0.34,0.0,TSLA
2025-05-22 14:30:00-04:00,18,-0.05081111111111111,0.26895480899408686,0.6486,-0.5719,TSLA
2025-05-22 15:00:00-04:00,19,0.0867,0.25621499218863486,0.5267,-0.4404,TSLA
2025-05-22 15:30:00-04:00,21,-0.15212857142857145,0.2946633641002172,0.3818,-0.7579,TSLA
2025-05-22 16:00:00-04:00,13,0.016084615384615378,0.4368039450488702,0.7003,-0.7269,TSLA
2025-05-22 16:30:00-04:00,5,-0.008800000000000007,0.3074332447865715,0.296,-0.34,TSLA
2025-05-23 09:30:00-04:00,0,0.0,0.0,0.0,0.0,TSLA
2025-05-23 10:00:00-04:00,0,0.0,0.0,0.0,0.0,TSLA
2025-05-23 10:30:00-04:00,6,-0.27185,0.3071943407681854,0.0,-0.6597,TSLA
2025-05-23 11:00:00-04:00,21,0.03627142857142857,0.34996604855736674,0.5994,-0.7717,TSLA
2025-05-23 11:30:00-04:00,24,-0.1539208333333333,0.4034891809111105,0.5267,-0.7579,TSLA
2025-05-23 12:00:00-04:00,9,-0.28373333333333334,0.32832395968006967,0.2732,-0.7506,TSLA
2025-05-23 12:30:00-04:00,3,-0.021199999999999997,0.3504812120499471,0.3182,-0.3818,TSLA
2025-05-23 13:00:00-04:00,2,0.36819999999999997,0.10210621920333746,0.4404,0.296,TSLA
2025-05-23 13:30:00-04:00,4,0.01755000000000001,0.38877264564266867,0.5106,-0.4404,TSLA
2025-05-23 14:00:00-04:00,0,0.0,0.0,0.0,0.0,TSLA
2025-05-23 14:30:00-04:00,4,0.110725,0.37708279705302566,0.4404,-0.4215,TSLA
2025-05-23 15:00:00-04:00,1,0.0,,0.0,0.0,TSLA
2025-05-23 15:30:00-04:00,3,0.20343333333333333,0.5371632371387056,0.8126,-0.2023,TSLA
2025-05-23 16:00:00-04:00,2,0.2553,0.36104872247385117,0.5106,0.0,TSLA
2025-05-23 16:30:00-04:00,4,-0.1753,0.20260394862884584,0.0,-0.3612,TSLA
2025-05-26 09:30:00-04:00,42,0.009695238095238094,0.328093035550545,0.6597,-0.7351,TSLA
2025-05-26 10:00:00-04:00,3,0.10606666666666666,0.18371285565613893,0.3182,0.0,TSLA
2025-05-26 10:30:00-04:00,4,-0.00712500000000002,0.5669408691977204,0.5719,-0.7783,TSLA
2025-05-26 11:00:00-04:00,3,-0.5362666666666667,0.46846175226301384,0.0,-0.8658,TSLA
2025-05-26 11:30:00-04:00,0,0.0,0.0,0.0,0.0,TSLA
2025-05-26 12:00:00-04:00,4,0.237,0.3586430072741788,0.7579,0.0,TSLA
2025-05-26 12:30:00-04:00,3,-0.1998,0.3460637513522617,0.0,-0.5994,TSLA
2025-05-26 13:00:00-04:00,2,0.0,0.0,0.0,0.0,TSLA
2025-05-26 13:30:00-04:00,3,-0.3156666666666667,0.09253692956508404,-0.25,-0.4215,TSLA
2025-05-26 14:00:00-04:00,1,0.2732,,0.2732,0.2732,TSLA
2025-05-26 14:30:00-04:00,2,-0.09979999999999999,0.42723391719291204,0.2023,-0.4019,TSLA
2025-05-26 15:00:00-04:00,1,0.0,,0.0,0.0,TSLA
2025-05-26 15:30:00-04:00,1,-0.7184,,-0.7184,-0.7184,TSLA
2025-05-26 16:00:00-04:00,1,-0.6369,,-0.6369,-0.6369,TSLA
2025-05-26 16:30:00-04:00,0,0.0,0.0,0.0,0.0,TSLA
2025-05-27 09:30:00-04:00,0,0.0,0.0,0.0,0.0,TSLA
2025-05-27 10:00:00-04:00,0,0.0,0.0,0.0,0.0,TSLA
2025-05-27 10:30:00-04:00,0,0.0,0.0,0.0,0.0,TSLA
2025-05-27 11:00:00-04:00,0,0.0,0.0,0.0,0.0,TSLA
2025-05-27 11:30:00-04:00,0,0.0,0.0,0.0,0.0,TSLA
2025-05-27 12:00:00-04:00,0,0.0,0.0,0.0,0.0,TSLA
2025-05-27 12:30:00-04:00,0,0.0,0.0,0.0,0.0,TSLA
2025-05-27 13:00:00-04:00,0,0.0,0.0,0.0,0.0,TSLA
2025-05-27 13:30:00-04:00,0,0.0,0.0,0.0,0.0,TSLA
2025-05-27 14:00:00-04:00,0,0.0,0.0,0.0,0.0,TSLA
2025-05-27 14:30:00-04:00,0,0.0,0.0,0.0,0.0,TSLA
2025-05-27 15:00:00-04:00,0,0.0,0.0,0.0,0.0,TSLA
2025-05-27 15:30:00-04:00,9,0.0435,0.2734303704784821,0.4019,-0.4404,TSLA
2025-05-27 16:00:00-04:00,7,0.13658571428571428,0.21535569359063797,0.5574,0.0,TSLA
2025-05-27 16:30:00-04:00,6,-0.12478333333333334,0.2836069563086679,0.2023,-0.5106,TSLA
2025-05-28 09:30:00-04:00,0,0.0,0.0,0.0,0.0,TSLA
2025-05-28 10:00:00-04:00,0,0.0,0.0,0.0,0.0,TSLA
2025-05-28 10:30:00-04:00,0,0.0,0.0,0.0,0.0,TSLA
2025-05-28 11:00:00-04:00,0,0.0,0.0,0.0,0.0,TSLA
2025-05-28 11:30:00-04:00,0,0.0,0.0,0.0,0.0,TSLA
2025-05-28 12:00:00-04:00,0,0.0,0.0,0.0,0.0,TSLA
2025-05-28 12:30:00-04:00,0,0.0,0.0,0.0,0.0,TSLA
2025-05-28 13:00:00-04:00,0,0.0,0.0,0.0,0.0,TSLA
2025-05-28 13:30:00-04:00,22,0.01986363636363636,0.2529357391483618,0.4404,-0.4404,TSLA
2025-05-28 14:00:00-04:00,14,0.056514285714285704,0.3675647129986205,0.743,-0.6369,TSLA
2025-05-28 14:30:00-04:00,9,0.20597777777777776,0.2775395682500865,0.7351,0.0,TSLA
2025-05-28 15:00:00-04:00,7,0.0648142857142857,0.21852029980889975,0.3818,-0.2755,TSLA
2025-05-28 15:30:00-04:00,3,-0.3542,0.3115676331071634,0.0,-0.5859,TSLA
2025-05-28 16:00:00-04:00,5,-0.061660000000000006,0.26581378444316994,0.2023,-0.5106,TSLA
2025-05-28 16:30:00-04:00,6,0.13356666666666667,0.20177232383720684,0.3612,-0.128,TSLA
2025-05-29 09:30:00-04:00,0,0.0,0.0,0.0,0.0,TSLA
2025-05-29 10:00:00-04:00,0,0.0,0.0,0.0,0.0,TSLA
2025-05-29 10:30:00-04:00,0,0.0,0.0,0.0,0.0,TSLA
2025-05-29 11:00:00-04:00,0,0.0,0.0,0.0,0.0,TSLA
2025-05-29 11:30:00-04:00,0,0.0,0.0,0.0,0.0,TSLA
2025-05-29 12:00:00-04:00,0,0.0,0.0,0.0,0.0,TSLA
2025-05-29 12:30:00-04:00,0,0.0,0.0,0.0,0.0,TSLA
2025-05-29 13:00:00-04:00,0,0.0,0.0,0.0,0.0,TSLA
2025-05-29 13:30:00-04:00,0,0.0,0.0,0.0,0.0,TSLA
2025-05-29 14:00:00-04:00,0,0.0,0.0,0.0,0.0,TSLA
2025-05-29 14:30:00-04:00,0,0.0,0.0,0.0,0.0,TSLA
2025-05-29 15:00:00-04:00,0,0.0,0.0,0.0,0.0,TSLA
2025-05-29 15:30:00-04:00,0,0.0,0.0,0.0,0.0,TSLA
2025-05-29 16:00:00-04:00,0,0.0,0.0,0.0,0.0,TSLA
2025-05-29 16:30:00-04:00,22,0.03424545454545454,0.3604065201134126,0.5106,-0.802,TSLA
2025-05-30 09:30:00-04:00,0,0.0,0.0,0.0,0.0,TSLA
2025-05-30 10:00:00-04:00,0,0.0,0.0,0.0,0.0,TSLA
2025-05-30 10:30:00-04:00,0,0.0,0.0,0.0,0.0,TSLA
2025-05-30 11:00:00-04:00,0,0.0,0.0,0.0,0.0,TSLA
2025-05-30 11:30:00-04:00,0,0.0,0.0,0.0,0.0,TSLA
2025-05-30 12:00:00-04:00,0,0.0,0.0,0.0,0.0,TSLA
2025-05-30 12:30:00-04:00,0,0.0,0.0,0.0,0.0,TSLA
2025-05-30 13:00:00-04:00,0,0.0,0.0,0.0,0.0,TSLA
2025-05-30 13:30:00-04:00,0,0.0,0.0,0.0,0.0,TSLA
2025-05-30 14:00:00-04:00,5,-0.41581999999999997,0.2708073983479772,0.0,-0.6705,TSLA
2025-05-30 14:30:00-04:00,10,0.12465,0.264182109958684,0.5574,-0.2263,TSLA
2025-05-30 15:00:00-04:00,11,0.055363636363636365,0.33486366262324513,0.5719,-0.4588,TSLA
2025-05-30 15:30:00-04:00,9,0.03535555555555556,0.10606666666666666,0.3182,0.0,TSLA
2025-05-30 16:00:00-04:00,9,-0.08681111111111112,0.4089536906681625,0.5994,-0.6369,TSLA
2025-05-30 16:30:00-04:00,12,-0.0964,0.3316279212940584,0.5267,-0.5719,TSLA
2025-06-02 09:30:00-04:00,0,0.0,0.0,0.0,0.0,TSLA
2025-06-02 10:00:00-04:00,0,0.0,0.0,0.0,0.0,TSLA
2025-06-02 10:30:00-04:00,0,0.0,0.0,0.0,0.0,TSLA
2025-06-02 11:00:00-04:00,0,0.0,0.0,0.0,0.0,TSLA
2025-06-02 11:30:00-04:00,0,0.0,0.0,0.0,0.0,TSLA
2025-06-02 12:00:00-04:00,0,0.0,0.0,0.0,0.0,TSLA
2025-06-02 12:30:00-04:00,0,0.0,0.0,0.0,0.0,TSLA
2025-06-02 13:00:00-04:00,0,0.0,0.0,0.0,0.0,TSLA
2025-06-02 13:30:00-04:00,0,0.0,0.0,0.0,0.0,TSLA
2025-06-02 14:00:00-04:00,0,0.0,0.0,0.0,0.0,TSLA
2025-06-02 14:30:00-04:00,0,0.0,0.0,0.0,0.0,TSLA
2025-06-02 15:00:00-04:00,0,0.0,0.0,0.0,0.0,TSLA
2025-06-02 15:30:00-04:00,9,-0.14703333333333332,0.1864189166903402,0.0772,-0.4215,TSLA
2025-06-02 16:00:00-04:00,13,-0.08384615384615383,0.2641050441755597,0.4084,-0.5859,TSLA
2025-06-02 16:30:00-04:00,18,-0.1325222222222222,0.3714125810463037,0.5574,-0.8658,TSLA
2025-06-03 09:30:00-04:00,0,0.0,0.0,0.0,0.0,TSLA
2025-06-03 10:00:00-04:00,0,0.0,0.0,0.0,0.0,TSLA
2025-06-03 10:30:00-04:00,0,0.0,0.0,0.0,0.0,TSLA
2025-06-03 11:00:00-04:00,0,0.0,0.0,0.0,0.0,TSLA
2025-06-03 11:30:00-04:00,0,0.0,0.0,0.0,0.0,TSLA
2025-06-03 12:00:00-04:00,0,0.0,0.0,0.0,0.0,TSLA
2025-06-03 12:30:00-04:00,0,0.0,0.0,0.0,0.0,TSLA
2025-06-03 13:00:00-04:00,0,0.0,0.0,0.0,0.0,TSLA
2025-06-03 13:30:00-04:00,0,0.0,0.0,0.0,0.0,TSLA
2025-06-03 14:00:00-04:00,0,0.0,0.0,0.0,0.0,TSLA
2025-06-03 14:30:00-04:00,0,0.0,0.0,0.0,0.0,TSLA
2025-06-03 15:00:00-04:00,30,-0.03236,0.3299222182105435,0.6997,-0.7717,TSLA
2025-06-03 15:30:00-04:00,18,-0.19016666666666668,0.398087377343216,0.5574,-0.7906,TSLA
2025-06-03 16:00:00-04:00,16,0.03951875,0.3543676437802037,0.6808,-0.8074,TSLA
2025-06-03 16:30:00-04:00,7,-0.018671428571428544,0.5059489259938059,0.5994,-0.6808,TSLA
2025-06-04 09:30:00-04:00,0,0.0,0.0,0.0,0.0,TSLA
2025-06-04 10:00:00-04:00,0,0.0,0.0,0.0,0.0,TSLA
2025-06-04 10:30:00-04:00,0,0.0,0.0,0.0,0.0,TSLA
2025-06-04 11:00:00-04:00,0,0.0,0.0,0.0,0.0,TSLA
2025-06-04 11:30:00-04:00,0,0.0,0.0,0.0,0.0,TSLA
2025-06-04 12:00:00-04:00,0,0.0,0.0,0.0,0.0,TSLA
2025-06-04 12:30:00-04:00,9,-0.16252222222222223,0.46525296016730994,0.4588,-0.8625,TSLA
2025-06-04 13:00:00-04:00,7,0.26399999999999996,0.3852523026104668,0.6369,-0.34,TSLA
2025-06-04 13:30:00-04:00,3,0.4013,0.4010003366582128,0.802,0.0,TSLA
2025-06-04 14:00:00-04:00,7,0.2935285714285714,0.3294853093047079,0.8126,0.0,TSLA
2025-06-04 14:30:00-04:00,5,-0.08344,0.14726563753978728,0.0,-0.34,TSLA
2025-06-04 15:00:00-04:00,3,0.18390000000000004,0.42499883529252175,0.5994,-0.25,TSLA
2025-06-04 15:30:00-04:00,4,-0.1702,0.3404,0.0,-0.6808,TSLA
2025-06-04 16:00:00-04:00,6,0.11390000000000002,0.49585513206984155,0.5994,-0.7351,TSLA
2025-06-04 16:30:00-04:00,13,-0.10592307692307693,0.4455737839270584,0.5994,-0.7531,TSLA
2025-06-05 09:30:00-04:00,0,0.0,0.0,0.0,0.0,TSLA
2025-06-05 10:00:00-04:00,0,0.0,0.0,0.0,0.0,TSLA
2025-06-05 10:30:00-04:00,0,0.0,0.0,0.0,0.0,TSLA
2025-06-05 11:00:00-04:00,0,0.0,0.0,0.0,0.0,TSLA
2025-06-05 11:30:00-04:00,0,0.0,0.0,0.0,0.0,TSLA
2025-06-05 12:00:00-04:00,0,0.0,0.0,0.0,0.0,TSLA
2025-06-05 12:30:00-04:00,0,0.0,0.0,0.0,0.0,TSLA
2025-06-05 13:00:00-04:00,0,0.0,0.0,0.0,0.0,TSLA
2025-06-05 13:30:00-04:00,0,0.0,0.0,0.0,0.0,TSLA
2025-06-05 14:00:00-04:00,0,0.0,0.0,0.0,0.0,TSLA
2025-06-05 14:30:00-04:00,0,0.0,0.0,0.0,0.0,TSLA
2025-06-05 15:00:00-04:00,0,0.0,0.0,0.0,0.0,TSLA
2025-06-05 15:30:00-04:00,0,0.0,0.0,0.0,0.0,TSLA
2025-06-05 16:00:00-04:00,0,0.0,0.0,0.0,0.0,TSLA
2025-06-05 16:30:00-04:00,0,0.0,0.0,0.0,0.0,TSLA
2025-06-06 09:30:00-04:00,0,0.0,0.0,0.0,0.0,TSLA
2025-06-06 10:00:00-04:00,0,0.0,0.0,0.0,0.0,TSLA
2025-06-06 10:30:00-04:00,0,0.0,0.0,0.0,0.0,TSLA
2025-06-06 11:00:00-04:00,0,0.0,0.0,0.0,0.0,TSLA
2025-06-06 11:30:00-04:00,0,0.0,0.0,0.0,0.0,TSLA
2025-06-06 12:00:00-04:00,0,0.0,0.0,0.0,0.0,TSLA
2025-06-06 12:30:00-04:00,0,0.0,0.0,0.0,0.0,TSLA
2025-06-06 13:00:00-04:00,0,0.0,0.0,0.0,0.0,TSLA
2025-06-06 13:30:00-04:00,0,0.0,0.0,0.0,0.0,TSLA
2025-06-06 14:00:00-04:00,0,0.0,0.0,0.0,0.0,TSLA
2025-06-06 14:30:00-04:00,0,0.0,0.0,0.0,0.0,TSLA
2025-06-06 15:00:00-04:00,0,0.0,0.0,0.0,0.0,TSLA
2025-06-06 15:30:00-04:00,0,0.0,0.0,0.0,0.0,TSLA
2025-06-06 16:00:00-04:00,0,0.0,0.0,0.0,0.0,TSLA
2025-06-06 16:30:00-04:00,0,0.0,0.0,0.0,0.0,TSLA
2025-06-09 09:30:00-04:00,0,0.0,0.0,0.0,0.0,TSLA
2025-06-09 10:00:00-04:00,0,0.0,0.0,0.0,0.0,TSLA
2025-06-09 10:30:00-04:00,0,0.0,0.0,0.0,0.0,TSLA
2025-06-09 11:00:00-04:00,0,0.0,0.0,0.0,0.0,TSLA
2025-06-09 11:30:00-04:00,0,0.0,0.0,0.0,0.0,TSLA
2025-06-09 12:00:00-04:00,0,0.0,0.0,0.0,0.0,TSLA
2025-06-09 12:30:00-04:00,0,0.0,0.0,0.0,0.0,TSLA
2025-06-09 13:00:00-04:00,0,0.0,0.0,0.0,0.0,TSLA
2025-06-09 13:30:00-04:00,0,0.0,0.0,0.0,0.0,TSLA
2025-06-09 14:00:00-04:00,0,0.0,0.0,0.0,0.0,TSLA
2025-06-09 14:30:00-04:00,0,0.0,0.0,0.0,0.0,TSLA
2025-06-09 15:00:00-04:00,0,0.0,0.0,0.0,0.0,TSLA
2025-06-09 15:30:00-04:00,0,0.0,0.0,0.0,0.0,TSLA
2025-06-09 16:00:00-04:00,13,-0.1524,0.3461718311282226,0.2263,-0.8176,TSLA
2025-06-09 16:30:00-04:00,19,-0.061989473684210525,0.35135917661867333,0.5994,-0.6808,TSLA
2025-06-10 09:30:00-04:00,0,0.0,0.0,0.0,0.0,TSLA
2025-06-10 10:00:00-04:00,0,0.0,0.0,0.0,0.0,TSLA
2025-06-10 10:30:00-04:00,0,0.0,0.0,0.0,0.0,TSLA
2025-06-10 11:00:00-04:00,0,0.0,0.0,0.0,0.0,TSLA
2025-06-10 11:30:00-04:00,0,0.0,0.0,0.0,0.0,TSLA
2025-06-10 12:00:00-04:00,0,0.0,0.0,0.0,0.0,TSLA
2025-06-10 12:30:00-04:00,0,0.0,0.0,0.0,0.0,TSLA
2025-06-10 13:00:00-04:00,0,0.0,0.0,0.0,0.0,TSLA
2025-06-10 13:30:00-04:00,0,0.0,0.0,0.0,0.0,TSLA
2025-06-10 14:00:00-04:00,0,0.0,0.0,0.0,0.0,TSLA
2025-06-10 14:30:00-04:00,0,0.0,0.0,0.0,0.0,TSLA
2025-06-10 15:00:00-04:00,0,0.0,0.0,0.0,0.0,TSLA
2025-06-10 15:30:00-04:00,0,0.0,0.0,0.0,0.0,TSLA
2025-06-10 16:00:00-04:00,0,0.0,0.0,0.0,0.0,TSLA
2025-06-10 16:30:00-04:00,27,-0.06914074074074074,0.33209380076587175,0.7269,-0.6908,TSLA
2025-06-11 09:30:00-04:00,0,0.0,0.0,0.0,0.0,TSLA
2025-06-11 10:00:00-04:00,0,0.0,0.0,0.0,0.0,TSLA
2025-06-11 10:30:00-04:00,0,0.0,0.0,0.0,0.0,TSLA
2025-06-11 11:00:00-04:00,0,0.0,0.0,0.0,0.0,TSLA
2025-06-11 11:30:00-04:00,0,0.0,0.0,0.0,0.0,TSLA
2025-06-11 12:00:00-04:00,0,0.0,0.0,0.0,0.0,TSLA
2025-06-11 12:30:00-04:00,0,0.0,0.0,0.0,0.0,TSLA
2025-06-11 13:00:00-04:00,0,0.0,0.0,0.0,0.0,TSLA
2025-06-11 13:30:00-04:00,0,0.0,0.0,0.0,0.0,TSLA
2025-06-11 14:00:00-04:00,2,0.11405,0.12480434687942564,0.2023,0.0258,TSLA
2025-06-11 14:30:00-04:00,5,-0.29652,0.3197325006939395,0.0,-0.7506,TSLA
2025-06-11 15:00:00-04:00,3,0.00836666666666667,0.1407366453107837,0.1531,-0.128,TSLA
2025-06-11 15:30:00-04:00,8,0.02550000000000001,0.4564526387573759,0.7579,-0.5423,TSLA
2025-06-11 16:00:00-04:00,7,0.1315,0.3690079402939725,0.7076,-0.4019,TSLA
2025-06-11 16:30:00-04:00,2,0.05165,0.5230468860436892,0.4215,-0.3182,TSLA
2025-06-12 09:30:00-04:00,9,-0.2223222222222222,0.3227710015544216,0.2716,-0.6486,TSLA
2025-06-12 10:00:00-04:00,4,-0.12079999999999999,0.3138234854181567,0.1027,-0.5859,TSLA
2025-06-12 10:30:00-04:00,4,0.07632499999999999,0.3686377569285779,0.5719,-0.3182,TSLA
2025-06-12 11:00:00-04:00,5,-0.38704,0.2505639000335045,0.0,-0.5994,TSLA
2025-06-12 11:30:00-04:00,4,-0.05359999999999998,0.44711286420023,0.5106,-0.5719,TSLA
2025-06-12 12:00:00-04:00,7,-0.20144285714285712,0.2676719500753541,0.0,-0.6486,TSLA
2025-06-12 12:30:00-04:00,8,0.0696,0.2896695900997746,0.4391,-0.4939,TSLA
2025-06-12 13:00:00-04:00,5,-0.1533,0.40287618445373513,0.2732,-0.7351,TSLA
2025-06-12 13:30:00-04:00,10,0.07632,0.24916640044578864,0.3818,-0.3182,TSLA
2025-06-12 14:00:00-04:00,6,-0.0775,0.41812183870254854,0.4019,-0.7351,TSLA
2025-06-12 14:30:00-04:00,4,-0.004299999999999998,0.3962768981406814,0.4767,-0.4939,TSLA
2025-06-12 15:00:00-04:00,1,-0.3182,,-0.3182,-0.3182,TSLA
2025-06-12 15:30:00-04:00,2,0.0,0.0,0.0,0.0,TSLA
2025-06-12 16:00:00-04:00,7,0.05114285714285714,0.3449601612608953,0.4939,-0.5574,TSLA
2025-06-12 16:30:00-04:00,1,-0.1027,,-0.1027,-0.1027,TSLA
2025-06-13 09:30:00-04:00,0,0.0,0.0,0.0,0.0,TSLA
2025-06-13 10:00:00-04:00,0,0.0,0.0,0.0,0.0,TSLA
2025-06-13 10:30:00-04:00,8,0.15942500000000004,0.46206676620221393,0.802,-0.4404,TSLA
2025-06-13 11:00:00-04:00,5,0.033019999999999994,0.17265518237226474,0.3182,-0.1531,TSLA
2025-06-13 11:30:00-04:00,4,0.03294999999999999,0.26072234912514375,0.3818,-0.25,TSLA
2025-06-13 12:00:00-04:00,1,0.3612,,0.3612,0.3612,TSLA
2025-06-13 12:30:00-04:00,3,-0.12040000000000001,0.20853891723129284,0.0,-0.3612,TSLA
2025-06-13 13:00:00-04:00,2,0.16770000000000002,0.2736503243191939,0.3612,-0.0258,TSLA
2025-06-13 13:30:00-04:00,8,0.1733,0.39244770352239283,0.5994,-0.6486,TSLA
2025-06-13 14:00:00-04:00,4,-0.24855,0.3327440407680755,0.0,-0.7184,TSLA
2025-06-13 14:30:00-04:00,5,0.10095999999999998,0.5236173440595717,0.6486,-0.6705,TSLA
2025-06-13 15:00:00-04:00,6,0.19905000000000003,0.40839575291621244,0.6369,-0.4215,TSLA
2025-06-13 15:30:00-04:00,4,-0.11482500000000001,0.3394771703173377,0.1531,-0.6124,TSLA
2025-06-13 16:00:00-04:00,3,0.37703333333333333,0.35688373923917205,0.7096,0.0,TSLA
2025-06-13 16:30:00-04:00,2,0.0,0.0,0.0,0.0,TSLA
2025-06-16 09:30:00-04:00,0,0.0,0.0,0.0,0.0,TSLA
2025-06-16 10:00:00-04:00,0,0.0,0.0,0.0,0.0,TSLA
2025-06-16 10:30:00-04:00,0,0.0,0.0,0.0,0.0,TSLA
2025-06-16 11:00:00-04:00,0,0.0,0.0,0.0,0.0,TSLA
2025-06-16 11:30:00-04:00,0,0.0,0.0,0.0,0.0,TSLA
2025-06-16 12:00:00-04:00,5,-0.26462,0.3200026281142079,0.0,-0.7184,TSLA
2025-06-16 12:30:00-04:00,16,-0.03660625000000001,0.25301865930862355,0.5267,-0.5106,TSLA
2025-06-16 13:00:00-04:00,23,0.0870304347826087,0.27021407579712287,0.6249,-0.5267,TSLA
2025-06-16 13:30:00-04:00,22,0.05739090909090909,0.2677900259693367,0.5799,-0.5423,TSLA
2025-06-16 14:00:00-04:00,10,-0.18719000000000002,0.290898128216735,0.296,-0.7964,TSLA
2025-06-16 14:30:00-04:00,4,-0.324075,0.3135189029388818,0.0,-0.7096,TSLA
2025-06-16 15:00:00-04:00,1,0.0,,0.0,0.0,TSLA
2025-06-16 15:30:00-04:00,3,0.19063333333333332,0.33018661894954693,0.5719,0.0,TSLA
2025-06-16 16:00:00-04:00,0,0.0,0.0,0.0,0.0,TSLA
2025-06-16 16:30:00-04:00,1,0.0772,,0.0772,0.0772,TSLA
2025-06-17 09:30:00-04:00,0,0.0,0.0,0.0,0.0,TSLA
2025-06-17 10:00:00-04:00,0,0.0,0.0,0.0,0.0,TSLA
2025-06-17 10:30:00-04:00,0,0.0,0.0,0.0,0.0,TSLA
2025-06-17 11:00:00-04:00,0,0.0,0.0,0.0,0.0,TSLA
2025-06-17 11:30:00-04:00,0,0.0,0.0,0.0,0.0,TSLA
2025-06-17 12:00:00-04:00,0,0.0,0.0,0.0,0.0,TSLA
2025-06-17 12:30:00-04:00,0,0.0,0.0,0.0,0.0,TSLA
2025-06-17 13:00:00-04:00,0,0.0,0.0,0.0,0.0,TSLA
2025-06-17 13:30:00-04:00,0,0.0,0.0,0.0,0.0,TSLA
2025-06-17 14:00:00-04:00,0,0.0,0.0,0.0,0.0,TSLA
2025-06-17 14:30:00-04:00,0,0.0,0.0,0.0,0.0,TSLA
2025-06-17 15:00:00-04:00,0,0.0,0.0,0.0,0.0,TSLA
2025-06-17 15:30:00-04:00,0,0.0,0.0,0.0,0.0,TSLA
2025-06-17 16:00:00-04:00,0,0.0,0.0,0.0,0.0,TSLA
2025-06-17 16:30:00-04:00,0,0.0,0.0,0.0,0.0,TSLA
