bin_end_time,open,high,low,close,volume,bin_return,volume_change,bin_range
2025-04-23 09:30:00-04:00,206.0,207.6199951171875,204.63009643554688,207.3800048828125,11470100,0.0,0.0,2.989898681640625
2025-04-23 10:00:00-04:00,207.32339477539065,208.0,205.6300048828125,206.80499267578125,3684870,-0.0027727466172844384,-0.6787412489864953,2.3699951171875
2025-04-23 10:30:00-04:00,206.80999755859375,207.9499969482422,206.66000366210935,206.8999938964844,2872941,0.00045937585681055104,-0.22034128748096948,1.289993286132841
2025-04-23 11:00:00-04:00,206.92999267578125,207.57000732421875,204.05999755859375,204.6300048828125,4578758,-0.010971431032557821,0.5937528824991534,3.510009765625
2025-04-23 11:30:00-04:00,204.625,205.41000366210935,203.6501007080078,204.27000427246097,3767837,-0.0017592757746240917,-0.17710501406713353,1.759902954101534
2025-04-23 12:00:00-04:00,204.27000427246097,204.36000061035156,202.7989959716797,204.11000061035156,2021638,-0.000783294946701929,-0.46344865767813204,1.561004638671875
2025-04-23 12:30:00-04:00,204.13999938964844,204.9550018310547,203.51840209960935,204.7599945068359,1554133,0.0031845274339359353,-0.23125059976118378,1.436599731445341
2025-04-23 13:00:00-04:00,204.75,205.44000244140625,203.8300018310547,204.9499969482422,1596225,0.0009279275566689282,0.02708391109383812,1.6100006103515625
2025-04-23 13:30:00-04:00,205.0,205.6499938964844,204.22000122070312,205.41000366210935,1425580,0.002244482657803193,-0.10690535482153207,1.4299926757812784
2025-04-23 14:00:00-04:00,205.3849945068359,205.5,204.25,204.48240661621097,1630663,-0.00451583189407001,0.14385934146101942,1.25
2025-04-23 14:30:00-04:00,204.47000122070312,205.1000061035156,204.2400054931641,204.7400054931641,1410920,0.00125976058877586,-0.1347568443019802,0.8600006103515057
2025-04-23 15:00:00-04:00,204.72000122070312,205.1699981689453,203.6566925048828,204.0099945068359,2176234,-0.003565551268643219,0.5424219658095426,1.5133056640625
2025-04-23 15:30:00-04:00,204.03089904785156,205.75,203.61000061035156,204.36000061035156,5424069,0.0017156321402866936,1.492410742594776,2.1399993896484375
2025-04-24 09:30:00-04:00,204.8849945068359,205.63999938964844,202.94000244140625,205.58999633789065,5601510,0.00601876944541746,0.032713632514630664,2.6999969482421875
2025-04-24 10:00:00-04:00,205.57000732421875,206.3500061035156,205.36000061035156,206.32000732421875,2836152,0.003550809861041726,-0.4936808110670159,0.9900054931640341
2025-04-24 10:30:00-04:00,206.2899932861328,206.66000366210935,205.2200927734375,205.9550018310547,2415818,-0.00176912311073385,-0.14820573791531622,1.4399108886718466
2025-04-24 11:00:00-04:00,205.9600067138672,206.47999572753903,205.4900054931641,205.9250030517578,1847000,-0.0001456569591908874,-0.23545565104656063,0.9899902343749432
2025-04-24 11:30:00-04:00,205.8849945068359,206.71499633789065,205.58009338378903,206.08999633789065,1932696,0.0008012299802728773,0.04639740119112079,1.1349029541016193
2025-04-24 12:00:00-04:00,206.11000061035156,206.75,205.6499938964844,206.2899932861328,2529503,0.0009704350128389994,0.3087950717546888,1.1000061035155966
2025-04-24 12:30:00-04:00,206.2899932861328,206.7100067138672,205.82000732421875,206.5399932861328,1110918,0.00121188621909174,-0.5608157017406186,0.8899993896484375
2025-04-24 13:00:00-04:00,206.5399932861328,207.02999877929688,206.08999633789065,206.90499877929688,1430832,0.0017672388158664898,0.2879726496465085,0.9400024414062216
2025-04-24 13:30:00-04:00,206.9199981689453,207.47999572753903,206.5500030517578,207.4499969482422,1313707,0.0026340502750572536,-0.08185796795151357,0.9299926757812216
2025-04-24 14:00:00-04:00,207.44000244140625,207.7899932861328,207.0574951171875,207.28900146484375,1373582,-0.00077606886366266,0.0455771340184683,0.7324981689453125
2025-04-24 14:30:00-04:00,207.3000030517578,208.1000061035156,207.2899932861328,207.86000061035156,2028000,0.00275460415879647,0.476431694649464,0.8100128173827841
2025-04-24 15:00:00-04:00,207.8500061035156,207.89500427246097,207.02999877929688,207.0901031494141,1809311,-0.0037039231149657015,-0.10783481262327421,0.8650054931640909
2025-04-24 15:30:00-04:00,207.11000061035156,208.82989501953125,207.08999633789065,208.1999969482422,5785557,0.005359472915165364,2.1976575613589926,1.7398986816405966
2025-04-25 09:30:00-04:00,206.42999267578125,209.0695953369141,206.1999969482422,208.2100067138672,5614044,4.8077645397270885e-05,-0.029645028127801676,2.8695983886719034
2025-04-25 10:00:00-04:00,208.22999572753903,209.24989318847656,206.52999877929688,206.63479614257812,2943796,-0.007565489268024472,-0.4756371699259927,2.7198944091796875
2025-04-25 10:30:00-04:00,206.63999938964844,207.7628936767578,206.51499938964844,207.31500244140625,2222380,0.0032918284409311216,-0.24506317693209723,1.247894287109375
2025-04-25 11:00:00-04:00,207.30999755859375,207.6000061035156,206.92999267578125,207.1000061035156,1543750,-0.0010370515175399664,-0.30536181931082895,0.6700134277343466
2025-04-25 11:30:00-04:00,207.11000061035156,207.63999938964844,206.66000366210935,207.5,1665518,0.0019314045615452802,0.0788780566801619,0.9799957275390909
2025-04-25 12:00:00-04:00,207.48500061035156,208.8999938964844,207.47000122070312,208.59129333496097,2133713,0.005259244987763756,0.2811107415230576,1.4299926757812784
2025-04-25 12:30:00-04:00,208.6000061035156,208.8999938964844,208.2899932861328,208.6750030517578,1163284,0.00040130973569652006,-0.45480765220064745,0.6100006103515909
2025-04-25 13:00:00-04:00,208.66000366210935,209.41000366210935,208.6349945068359,209.3701934814453,2551677,0.0033314504349861718,1.1935116446198863,0.7750091552734375
2025-04-25 13:30:00-04:00,209.38999938964844,209.4149932861328,207.3699951171875,208.1000061035156,1886809,-0.006066705851529353,-0.2605611917182308,2.0449981689453125
2025-04-25 14:00:00-04:00,208.08999633789065,208.82400512695312,207.8999938964844,208.50450134277344,1166246,0.0019437540960793864,-0.3818950407804923,0.9240112304687216
2025-04-25 14:30:00-04:00,208.5099945068359,208.8000030517578,208.13999938964844,208.3800048828125,1083235,-0.0005970924328212446,-0.0711779504495621,0.660003662109375
2025-04-25 15:00:00-04:00,208.38999938964844,208.8699951171875,208.19000244140625,208.22000122070312,1274224,-0.00076784556272258,0.1763135423061477,0.67999267578125
2025-04-25 15:30:00-04:00,208.2100067138672,209.42999267578125,207.8699951171875,209.22999572753903,4418187,0.004850612337502502,2.4673550333379373,1.55999755859375
2025-04-28 09:30:00-04:00,210.05999755859375,211.5,208.9600067138672,209.41000366210935,7135399,0.0008603352207907644,0.6150061099722579,2.5399932861328125
2025-04-28 10:00:00-04:00,209.3849945068359,209.818603515625,208.7400054931641,208.92999267578125,2235996,-0.0022922065705256456,-0.6866333613579283,1.078598022460909
2025-04-28 10:30:00-04:00,208.875,209.82000732421875,208.72999572753903,209.0249938964844,1983810,0.0004547036042383823,-0.11278463825516682,1.090011596679716
2025-04-28 11:00:00-04:00,209.02999877929688,209.52999877929688,207.83999633789065,207.9499969482422,2043690,-0.005142911037589015,0.030184342250517915,1.6900024414062216
2025-04-28 11:30:00-04:00,207.98590087890625,208.3999938964844,207.58250427246097,207.9600067138672,1262169,4.81354449237692e-05,-0.3824068229526004,0.8174896240234375
2025-04-28 12:00:00-04:00,207.94000244140625,208.05999755859375,207.4600067138672,207.86000061035156,1172133,-0.00048089103811788103,-0.07133434587602772,0.5999908447265625
2025-04-28 12:30:00-04:00,207.8500061035156,208.72999572753903,207.8500061035156,208.44500732421875,1155631,0.0028144265955420966,-0.014078607120523001,0.8799896240234375
2025-04-28 13:00:00-04:00,208.42999267578125,208.72799682617188,207.91000366210935,208.13999938964844,1072301,-0.0014632537304954951,-0.07210779219318275,0.8179931640625284
2025-04-28 13:30:00-04:00,208.1349945068359,209.86000061035156,208.0800018310547,209.75,1505602,0.007735181200503316,0.4040852335305105,1.779998779296875
2025-04-28 14:00:00-04:00,209.72999572753903,210.0500030517578,209.4600067138672,209.8699951171875,1593859,0.0005720863751490501,0.05861907728602911,0.589996337890625
2025-04-28 14:30:00-04:00,209.8699951171875,210.1000061035156,209.7613983154297,209.8406982421875,1045277,-0.00013959534798502204,-0.34418477418642424,0.3386077880859091
2025-04-28 15:00:00-04:00,209.8699951171875,210.94000244140625,209.8000030517578,210.5399932861328,1565565,0.0033325043702352453,0.4977513137665901,1.1399993896484375
2025-04-28 15:30:00-04:00,210.52999877929688,211.4998016357422,210.0399932861328,210.08999633789065,3584738,-0.002137346644780158,1.2897407645163246,1.459808349609375
2025-04-29 09:30:00-04:00,208.6929931640625,211.25,208.3699951171875,210.8000030517578,6171951,0.0033795360380950434,0.7217300120678276,2.8800048828125
2025-04-29 10:00:00-04:00,210.82000732421875,212.2400054931641,210.3300018310547,210.9499969482422,3018564,0.0007115459882016673,-0.5109222351246794,1.9100036621094034
2025-04-29 10:30:00-04:00,210.9600067138672,212.07000732421875,210.84939575195312,211.6110992431641,1754930,0.0031339289143679228,-0.41862090715982836,1.220611572265625
2025-04-29 11:00:00-04:00,211.6199951171875,211.8000030517578,210.6699981689453,211.0399932861328,1463524,-0.002698846889760853,-0.16604992791735285,1.1300048828125
2025-04-29 11:30:00-04:00,211.0399932861328,211.2100067138672,210.3999938964844,210.6150054931641,1540332,-0.0020137784613768472,0.05248154454590437,0.8100128173827841
2025-04-29 12:00:00-04:00,210.6150054931641,211.32530212402344,210.4199981689453,210.48800659179688,1129363,-0.0006029907559047532,-0.26680546791211246,0.905303955078125
2025-04-29 12:30:00-04:00,210.4900054931641,210.6199951171875,209.3500061035156,209.73260498046875,1461212,-0.0035888107049875106,0.29383732245522487,1.2699890136719034
2025-04-29 13:00:00-04:00,209.7400054931641,210.69000244140625,209.5099945068359,210.36000061035156,1101176,0.002991407225124698,-0.24639545801704343,1.180007934570341
2025-04-29 13:30:00-04:00,210.3699951171875,211.75,210.22000122070312,211.5800018310547,1229558,0.005799587455615818,0.11658626777190939,1.529998779296875
2025-04-29 14:00:00-04:00,211.5850067138672,211.8500061035156,211.16000366210935,211.7227020263672,1237600,0.0006744502981261835,0.0065405617303129215,0.69000244140625
2025-04-29 14:30:00-04:00,211.72000122070312,211.96060180664065,211.1878967285156,211.3000030517578,1022818,-0.00199647449500584,-0.17354718810601166,0.7727050781250568
2025-04-29 15:00:00-04:00,211.3000030517578,211.88999938964844,211.10009765625,211.3000030517578,1496492,0.0,0.46310682838980144,0.7899017333984375
2025-04-29 15:30:00-04:00,211.30999755859375,211.77000427246097,210.9499969482422,211.2400054931641,3222132,-0.0002839449016904805,1.1531234380137012,0.8200073242187784
2025-04-30 09:30:00-04:00,209.3000030517578,209.72000122070312,206.6705017089844,207.13999938964844,5675548,-0.019409231191524157,0.7614262854532341,3.0494995117187216
2025-04-30 10:00:00-04:00,207.18499755859375,209.3498992919922,207.13999938964844,209.3211975097656,2094993,0.010530067232520146,-0.6308738821343771,2.20989990234375
2025-04-30 10:30:00-04:00,209.34950256347656,209.75,208.71009826660156,209.635498046875,1943218,0.001501522735626093,-0.0724465427808112,1.0399017333984375
2025-04-30 11:00:00-04:00,209.58999633789065,210.86000061035156,209.55999755859375,210.5449981689453,1839492,0.004338483370154078,-0.053378468087471376,1.3000030517578125
2025-04-30 11:30:00-04:00,210.55999755859375,211.1300048828125,209.9499969482422,211.0500030517578,1427808,0.0023985603419904855,-0.2238030934627604,1.1800079345703125
2025-04-30 12:00:00-04:00,211.0399932861328,211.27999877929688,210.38999938964844,210.58999633789065,1312727,-0.0021796100792016437,-0.08059977251843387,0.8899993896484375
2025-04-30 12:30:00-04:00,210.58999633789065,211.36000061035156,210.22000122070312,210.9199981689453,1233108,0.0015670346967724402,-0.06065160539853298,1.1399993896484375
2025-04-30 13:00:00-04:00,210.8999938964844,211.2100067138672,209.8000030517578,211.0800018310547,1229100,0.0007585988218206108,-0.0032503235726311086,1.410003662109375
2025-04-30 13:30:00-04:00,211.07000732421875,211.8500061035156,210.9199981689453,211.1031036376953,1281784,0.00010944573829929638,0.04286388414286879,0.9300079345702841
2025-04-30 14:00:00-04:00,211.1300048828125,212.97000122070312,210.31500244140625,210.71499633789065,2166008,-0.0018384727325977401,0.689838537538306,2.654998779296875
2025-04-30 14:30:00-04:00,210.6999969482422,211.30999755859375,210.38999938964844,210.65199279785156,1547717,-0.0002989988426740364,-0.2854518542867801,0.9199981689453125
2025-04-30 15:00:00-04:00,210.66000366210935,211.07000732421875,210.27999877929688,210.3446044921875,1323653,-0.001459223345487426,-0.14477065251593157,0.790008544921875
2025-04-30 15:30:00-04:00,210.375,213.5399932861328,210.0500030517578,212.4900054931641,7076663,0.010199458199348754,4.346312817634229,3.489990234375
2025-05-01 09:30:00-04:00,209.0099945068359,212.5,208.8999938964844,210.63999938964844,7878125,-0.008706320559510594,0.11325422731024504,3.6000061035155966
2025-05-01 10:00:00-04:00,210.8000030517578,211.83999633789065,209.7100067138672,211.7400054931641,3582236,0.005222209013971968,-0.5452933280444268,2.129989624023466
2025-05-01 10:30:00-04:00,211.75,213.08999633789065,211.31500244140625,212.889892578125,2991810,0.005430655781285765,-0.16482051992107727,1.7749938964844034
2025-05-01 11:00:00-04:00,212.88999938964844,214.22000122070312,211.5500030517578,212.8966064453125,2802662,3.153680574596862e-05,-0.06322192920004943,2.6699981689453125
2025-05-01 11:30:00-04:00,212.89500427246097,213.1199951171875,211.4149932861328,211.5843963623047,2084838,-0.006163602628137199,-0.2561222152367999,1.7050018310546875
2025-05-01 12:00:00-04:00,211.6000061035156,212.83999633789065,211.52999877929688,212.77999877929688,1920352,0.005650711666586705,-0.07889629793777742,1.3099975585937784
2025-05-01 12:30:00-04:00,212.77999877929688,212.84500122070312,211.8500061035156,212.1349945068359,1348451,-0.00303132003083606,-0.29781050557397815,0.9949951171875284
2025-05-01 13:00:00-04:00,212.1199951171875,212.87759399414065,212.07000732421875,212.5099945068359,2784629,0.0017677422853865643,1.0650576105472132,0.8075866699219034
2025-05-01 13:30:00-04:00,212.5099945068359,212.7899932861328,212.06500244140625,212.59500122070312,1368831,0.0004000127808787557,-0.508433259870525,0.7249908447265625
2025-05-01 14:00:00-04:00,212.58999633789065,213.0,212.52000427246097,212.77999877929688,1458724,0.0008701877162280436,0.06567136483612668,0.4799957275390341
2025-05-01 14:30:00-04:00,212.7899932861328,213.1999969482422,212.5211944580078,212.5449981689453,1542878,-0.0011044299826099557,0.057690145634129664,0.678802490234375
2025-05-01 15:00:00-04:00,212.5500030517578,212.95989990234375,212.3000030517578,212.94000244140625,2399110,0.0018584500969858198,0.5549576829794709,0.6598968505859375
2025-05-01 15:30:00-04:00,212.94000244140625,214.5500030517578,212.47000122070312,212.8300018310547,7135104,-0.0005165803000393154,1.974062881651946,2.0800018310546875
2025-05-02 09:30:00-04:00,206.08999633789065,206.42999267578125,202.16000366210935,203.7899932861328,21600152,-0.04247525474391467,2.0273072403709884,4.269989013671903
2025-05-02 10:00:00-04:00,203.77000427246097,206.8199005126953,203.25,206.72000122070312,9104252,0.014377584921239972,-0.5785098178938741,3.5699005126953125
2025-05-02 10:30:00-04:00,206.72000122070312,206.9900054931641,204.77000427246097,205.17979431152344,5588941,-0.007450691273629073,-0.3861174976263838,2.220001220703125
2025-05-02 11:00:00-04:00,205.19000244140625,205.72999572753903,204.6000061035156,204.9008026123047,3734274,-0.0013597425621508785,-0.33184587205339977,1.1299896240234375
2025-05-02 11:30:00-04:00,204.9199981689453,205.63999938964844,204.860595703125,205.47999572753903,3350920,0.0028267000804786946,-0.10265824093250786,0.7794036865234375
2025-05-02 12:00:00-04:00,205.4873962402344,206.5800018310547,204.8999938964844,205.0,5367087,-0.002335973026666327,0.601675659221945,1.680007934570284
2025-05-02 12:30:00-04:00,205.0,205.88999938964844,204.86000061035156,204.9394989013672,4287905,-0.0002951273104039309,-0.2010740649443543,1.029998779296875
2025-05-02 13:00:00-04:00,204.92999267578125,205.1499938964844,204.1499938964844,204.69900512695312,3347448,-0.0011734866909662856,-0.21932785357884566,1.0
2025-05-02 13:30:00-04:00,204.6999969482422,205.8300018310547,204.6999969482422,205.3999938964844,4399045,0.003424485473666694,0.3141488680332003,1.1300048828125
2025-05-02 14:00:00-04:00,205.38999938964844,205.61000061035156,204.82000732421875,204.8800048828125,2688200,-0.002531592157368645,-0.3889128208508892,0.7899932861328125
2025-05-02 14:30:00-04:00,204.8699951171875,205.42999267578125,204.0959930419922,204.17999267578125,4177738,-0.003416693627236289,0.5541023733353174,1.3339996337890625
2025-05-02 15:00:00-04:00,204.1699981689453,204.98150634765625,203.66000366210935,204.7599945068359,4704753,0.002840639885689722,0.1261484085406983,1.3215026855469034
2025-05-02 15:30:00-04:00,204.7599945068359,205.5,203.88999938964844,205.3000030517578,9990065,0.002637275636886649,1.1233984015738976,1.6100006103515625
2025-05-05 09:30:00-04:00,203.125,204.1000061035156,199.5,199.7250061035156,10543469,-0.02715536709873656,0.05539543536503522,4.600006103515597
2025-05-05 10:00:00-04:00,199.7599945068359,200.32000732421875,198.6199951171875,198.77999877929688,6819848,-0.004731542347426121,-0.3531684875253107,1.70001220703125
2025-05-05 10:30:00-04:00,198.78700256347656,199.1699981689453,198.2100067138672,198.9335021972656,4828250,0.0007722276834258857,-0.2920296757347085,0.959991455078125
2025-05-05 11:00:00-04:00,198.92999267578125,199.6499938964844,198.5,199.19960021972656,3646135,0.0013376229721080435,-0.2448330140319992,1.1499938964844034
2025-05-05 11:30:00-04:00,199.19000244140625,199.4199981689453,198.66000366210935,199.2749938964844,3085712,0.00037848307263010916,-0.15370330500653429,0.7599945068359659
2025-05-05 12:00:00-04:00,199.2749938964844,200.0399932861328,199.1000061035156,199.9739990234375,2892652,0.0035077413040403016,-0.06256578708576821,0.9399871826172159
2025-05-05 12:30:00-04:00,199.9600067138672,200.02000427246097,199.72000122070312,199.89109802246097,2079983,-0.00041455889956387715,-0.2809425399253004,0.3000030517578409
2025-05-05 13:00:00-04:00,199.8800048828125,200.63999938964844,199.67010498046875,200.41000366210935,2804463,0.002595941714173211,0.3483105390765213,0.9698944091796875
2025-05-05 13:30:00-04:00,200.41000366210935,200.6300048828125,200.27000427246097,200.36000061035156,1702477,-0.00024950377148880154,-0.39294011010307495,0.3600006103515341
2025-05-05 14:00:00-04:00,200.3699951171875,201.08999633789065,200.16000366210935,200.9600067138672,2139498,0.002994640156158024,0.2566971536179343,0.9299926757813068
2025-05-05 14:30:00-04:00,200.9499969482422,201.16000366210935,200.42999267578125,200.52999877929688,2366846,-0.002139768711207135,0.10626231013069432,0.7300109863280966
2025-05-05 15:00:00-04:00,200.52000427246097,200.52000427246097,199.3999938964844,199.3999938964844,3033966,-0.00563509145609753,0.28186033227341367,1.1200103759765625
2025-05-05 15:30:00-04:00,199.3999938964844,199.5998992919922,198.5196990966797,198.77000427246097,6786984,-0.0031594264960232987,1.2370006783200602,1.0802001953125
2025-05-06 09:30:00-04:00,198.125,199.8800048828125,197.02000427246097,197.67999267578125,11640799,-0.005483783132517295,0.7151652339242291,2.860000610351534
2025-05-06 10:00:00-04:00,197.65499877929688,199.5,197.65499877929688,198.91000366210935,4920763,0.006222233063036597,-0.5772830541958502,1.845001220703125
2025-05-06 10:30:00-04:00,198.8999938964844,199.1300048828125,197.8500061035156,198.3000030517578,2721333,-0.003066716601080266,-0.44696930130550894,1.2799987792969034
2025-05-06 11:00:00-04:00,198.27000427246097,199.0800018310547,197.9499969482422,199.03500366210935,2461454,0.0037065083158858148,-0.09549694947292375,1.1300048828125
2025-05-06 11:30:00-04:00,199.03500366210935,199.4499969482422,198.66000366210935,198.77999877929688,2009756,-0.0012812062105688193,-0.18350860913915112,0.7899932861328409
2025-05-06 12:00:00-04:00,198.8300018310547,200.6490020751953,198.7050018310547,198.97999572753903,2699673,0.0010061220921135927,0.34328396083902724,1.944000244140625
2025-05-06 12:30:00-04:00,198.9750061035156,199.9600067138672,198.9600067138672,199.5050048828125,1546903,0.002638502193920811,-0.42700356672826667,1.0
2025-05-06 13:00:00-04:00,199.52000427246097,200.02000427246097,199.0,199.4250030517578,1508538,-0.0004010016245039605,-0.02480116723543757,1.020004272460966
2025-05-06 13:30:00-04:00,199.4499969482422,199.82000732421875,198.69000244140625,199.0099945068359,1495914,-0.002081025641575085,-0.008368367253592579,1.1300048828125
2025-05-06 14:00:00-04:00,199.02999877929688,199.5500030517578,198.80999755859375,199.30499267578125,1340934,0.0014823284110749846,-0.10360221242665024,0.7400054931640625
2025-05-06 14:30:00-04:00,199.2949981689453,199.8500061035156,199.02000427246097,199.8500061035156,1631677,0.002734569869109915,0.216821260405061,0.8300018310546307
2025-05-06 15:00:00-04:00,199.83999633789065,199.83999633789065,199.22039794921875,199.7084045410156,1710384,-0.0007085391952735831,0.04823687531294496,0.6195983886719034
2025-05-06 15:30:00-04:00,199.72999572753903,200.1699981689453,198.3800048828125,198.41000366210935,4603113,-0.0065014834097258944,1.6912745909690456,1.7899932861328125
2025-05-07 09:30:00-04:00,198.19000244140625,199.2949981689453,197.3500061035156,197.80499267578125,7374542,-0.0030492967852489006,0.6020771160734051,1.944992065429716
2025-05-07 10:00:00-04:00,197.80499267578125,199.44000244140625,197.75,199.22000122070312,2497369,0.007153553233316012,-0.6613526643417313,1.69000244140625
2025-05-07 10:30:00-04:00,199.2270050048828,199.3999938964844,197.44000244140625,197.47000122070312,2523711,-0.008784258554748625,0.010547900610602623,1.9599914550781534
2025-05-07 11:00:00-04:00,197.47999572753903,197.5,193.80999755859375,194.35069274902344,8659159,-0.015796366295624753,2.431121471515558,3.69000244140625
2025-05-07 11:30:00-04:00,194.36000061035156,195.1197967529297,193.25,195.10499572753903,4789768,0.003881143760519956,-0.4468552892954154,1.8697967529296875
2025-05-07 12:00:00-04:00,195.1000061035156,195.3699951171875,194.5099945068359,194.8699951171875,3182077,-0.001204482793868089,-0.3356511213069192,0.8600006103515909
2025-05-07 12:30:00-04:00,194.8500061035156,195.77999877929688,194.5749969482422,195.6210021972656,2509424,0.0038538877143525774,-0.21138803366480452,1.2050018310546875
2025-05-07 13:00:00-04:00,195.6150054931641,195.7599945068359,195.0500030517578,195.3000030517578,1540461,-0.0016409237346820538,-0.386129645687616,0.7099914550780966
2025-05-07 13:30:00-04:00,195.32000732421875,195.36000061035156,194.22999572753903,194.66000366210935,2339911,-0.0032770065522162994,0.5189680232086369,1.1300048828125284
2025-05-07 14:00:00-04:00,194.6150054931641,195.1300048828125,193.3000030517578,194.0099945068359,2773476,-0.0033392024198340975,0.18529123543587778,1.8300018310546875
2025-05-07 14:30:00-04:00,193.9969940185547,195.7100067138672,193.83140563964844,195.44000244140625,2603501,0.00737079519127537,-0.061285909811370276,1.87860107421875
2025-05-07 15:00:00-04:00,195.44000244140625,195.44500732421875,194.1199951171875,194.32000732421875,2282913,-0.005730633970511101,-0.12313726785586021,1.32501220703125
2025-05-07 15:30:00-04:00,194.33999633789065,197.4698944091797,194.2899932861328,196.25,6299703,0.009932032745146424,1.7595020046756051,3.179901123046875
2025-05-08 09:30:00-04:00,197.7400054931641,198.1300048828125,196.0821075439453,196.1499938964844,5831936,-0.0005095852408437684,-0.07425223062103081,2.0478973388671875
2025-05-08 10:00:00-04:00,196.1499938964844,196.30999755859375,194.6795959472656,195.82000732421875,4617763,-0.0016823175250252342,-0.20819381419823535,1.6304016113281534
2025-05-08 10:30:00-04:00,195.8300018310547,197.24969482421875,195.51499938964844,196.6199951171875,3058573,0.004085322045996209,-0.3376505030682605,1.7346954345703125
2025-05-08 11:00:00-04:00,196.5800018310547,197.8300018310547,196.4199981689453,197.5399932861328,2570973,0.00467906719454958,-0.15942074948023144,1.410003662109375
2025-05-08 11:30:00-04:00,197.52999877929688,199.75,197.30999755859375,199.33999633789065,4082906,0.009112094324872144,0.5880781322868813,2.44000244140625
2025-05-08 12:00:00-04:00,199.33999633789065,200.0498046875,199.22999572753903,199.2400054931641,2615969,-0.0005016095443137747,-0.3592874780854617,0.8198089599609659
2025-05-08 12:30:00-04:00,199.23570251464844,199.9900054931641,199.01010131835935,199.69500732421875,1607677,0.0022836871035434303,-0.38543728920335063,0.9799041748047443
2025-05-08 13:00:00-04:00,199.72000122070312,199.8500061035156,199.0500030517578,199.13999938964844,1485464,-0.0027792779699755688,-0.07601837931375521,0.8000030517577841
2025-05-08 13:30:00-04:00,199.13999938964844,199.2120056152344,198.3032989501953,198.32130432128903,1550283,-0.004111153313591687,0.04363552398442505,0.9087066650390909
2025-05-08 14:00:00-04:00,198.3300018310547,198.6649932861328,198.08999633789065,198.63999938964844,1757664,0.0016069633539879113,0.13376976977751798,0.5749969482421591
2025-05-08 14:30:00-04:00,198.63999938964844,199.25929260253903,198.57000732421875,198.6199951171875,1639566,-0.00010070616453083936,-0.06719031623791583,0.6892852783202841
2025-05-08 15:00:00-04:00,198.6199951171875,199.68800354003903,198.4499969482422,199.55999755859375,2074780,0.004732667729911322,0.2654446359585403,1.2380065917968466
2025-05-08 15:30:00-04:00,199.57000732421875,199.6199951171875,197.16400146484375,197.3999938964844,5279543,-0.010823830870588913,1.5446278641590916,2.45599365234375
2025-05-09 09:30:00-04:00,199.0050048828125,200.53990173339844,198.39500427246097,199.75,6412372,0.011904793192384355,0.21456951861174356,2.1448974609374716
2025-05-09 10:00:00-04:00,199.7449951171875,200.23500061035156,198.1199951171875,198.360107421875,3325119,-0.006958160591364226,-0.481452573244347,2.1150054931640625
2025-05-09 10:30:00-04:00,198.3849945068359,198.5800018310547,197.53500366210935,198.3800048828125,2524012,0.00010030979109720839,-0.24092581348216413,1.044998168945341
2025-05-09 11:00:00-04:00,198.3800048828125,199.17999267578125,198.1999969482422,198.42999267578125,2027917,0.00025197999666493054,-0.19655017488030957,0.9799957275390625
2025-05-09 11:30:00-04:00,198.4199981689453,199.0099945068359,198.13999938964844,198.7584991455078,1535768,0.00165552830646587,-0.24268695415049035,0.8699951171874716
2025-05-09 12:00:00-04:00,198.7400054931641,198.75970458984375,197.92999267578125,198.1349945068359,1356044,-0.003136996110115753,-0.11702548822478398,0.8297119140625
2025-05-09 12:30:00-04:00,198.1300048828125,198.3800048828125,197.75,197.97000122070312,1456129,-0.0008327316764181747,0.07380660214565316,0.6300048828125
2025-05-09 13:00:00-04:00,197.94920349121097,198.4499969482422,197.6000061035156,198.13999938964844,1598095,0.0008587067126184511,0.09749548288647514,0.8499908447265909
2025-05-09 13:30:00-04:00,198.14500427246097,198.81500244140625,197.91000366210935,198.70570373535156,1231121,0.0028550739247286128,-0.22963215578548213,0.9049987792969034
2025-05-09 14:00:00-04:00,198.7100067138672,199.0998992919922,198.5099945068359,198.91000366210935,1239085,0.0010281533087237449,0.0064689011072023295,0.5899047851562784
2025-05-09 14:30:00-04:00,198.94000244140625,199.13999938964844,198.72000122070312,198.92999267578125,1180549,0.00010049275201784447,-0.0472413111287765,0.4199981689453125
2025-05-09 15:00:00-04:00,198.9221954345703,199.42999267578125,198.7100067138672,198.77999877929688,1764818,-0.000754003428376171,0.49491295998726015,0.7199859619140625
2025-05-09 15:30:00-04:00,198.8000030517578,198.92990112304688,198.3401031494141,198.5399932861328,3474290,-0.0012073925678535158,0.9686392591190707,0.5897979736327841
2025-05-12 09:30:00-04:00,210.97000122070312,211.26649475097656,206.75,208.52999877929688,17030814,0.05031734577912772,3.9019552196276077,4.5164947509765625
2025-05-12 10:00:00-04:00,208.5249938964844,210.08999633789065,208.46499633789065,209.16000366210935,6758832,0.0030211714693348934,-0.6031409890331725,1.625
2025-05-12 10:30:00-04:00,209.1699981689453,210.22999572753903,208.47999572753903,209.1199951171875,3693056,-0.0001912820052656361,-0.4535955324825355,1.75
2025-05-12 11:00:00-04:00,209.1150054931641,209.1300048828125,208.1199951171875,208.7599945068359,2625278,-0.00172150257630721,-0.28913127772771385,1.010009765625
2025-05-12 11:30:00-04:00,208.77999877929688,208.9864959716797,208.40679931640625,208.4250030517578,2049888,-0.001604672657083861,-0.219172979014032,0.5796966552734375
2025-05-12 12:00:00-04:00,208.4250030517578,208.97999572753903,208.25,208.72999572753903,1894438,0.0014633209610916964,-0.07583341138637822,0.7299957275390341
2025-05-12 12:30:00-04:00,208.80990600585935,209.55999755859375,208.70919799804688,209.22999572753903,2378293,0.0023954391330158753,0.2554082002155784,0.850799560546875
2025-05-12 13:00:00-04:00,209.22999572753903,209.9900054931641,209.1999969482422,209.93499755859375,1945174,0.0033695065021783766,-0.1821133897295245,0.7900085449219034
2025-05-12 13:30:00-04:00,209.94000244140625,210.87420654296875,209.93499755859375,210.6199951171875,2743055,0.0032629031202981995,0.41018489862603547,0.939208984375
2025-05-12 14:00:00-04:00,210.63999938964844,210.9600067138672,210.5,210.77000427246097,1907970,0.0007122265632473201,-0.3044361122908582,0.4600067138671875
2025-05-12 14:30:00-04:00,210.77999877929688,211.1499938964844,210.47999572753903,210.61729431152344,2371961,-0.0007245336520471657,0.24318568950245556,0.6699981689453693
2025-05-12 15:00:00-04:00,210.61019897460935,210.9199981689453,209.9199981689453,210.0500030517578,2537416,-0.002693469506480972,0.06975451957262369,1.0
2025-05-12 15:30:00-04:00,210.05999755859375,210.8500061035156,209.9600067138672,210.8300018310547,5815190,0.003713395705615241,1.2917763583109747,0.8899993896484091
2025-05-13 09:30:00-04:00,210.42999267578125,211.61000061035156,209.0800018310547,209.94000244140625,10978588,-0.004221407683530853,0.8879156141071918,2.529998779296875
2025-05-13 10:00:00-04:00,209.92999267578125,211.6656951904297,209.8000030517578,211.4499969482422,4282780,0.0071925049503482885,-0.6098970104352217,1.865692138671875
2025-05-13 10:30:00-04:00,211.44500732421875,211.8800048828125,211.0800018310547,211.4900054931641,2803374,0.00018921043035868834,-0.34543123858801994,0.8000030517578125
2025-05-13 11:00:00-04:00,211.51499938964844,211.61000061035156,211.22000122070312,211.3849945068359,1988450,-0.0004965293091903078,-0.29069399944495455,0.3899993896484375
2025-05-13 11:30:00-04:00,211.3975067138672,211.61000061035156,210.47999572753903,210.8699951171875,2645100,-0.002436310064723002,0.3302320903216074,1.1300048828125284
2025-05-13 12:00:00-04:00,210.91000366210935,211.30499267578125,210.6499938964844,211.27999877929688,1541485,0.0019443432996786303,-0.4172299724017996,0.6549987792968466
2025-05-13 12:30:00-04:00,211.27999877929688,211.6300048828125,210.90980529785156,211.5,1648359,0.0010412780290336432,0.06933184559045347,0.7201995849609375
2025-05-13 13:00:00-04:00,211.5,211.94000244140625,211.3500061035156,211.7100067138672,1682709,0.0009929395454713053,0.020838907058474465,0.5899963378906534
2025-05-13 13:30:00-04:00,211.7100067138672,212.97000122070312,211.70989990234375,212.5,2772662,0.0037314877005343305,0.647737071591107,1.260101318359375
2025-05-13 14:00:00-04:00,212.50010681152344,212.7498016357422,212.2303009033203,212.4600067138672,1460166,-0.00018820369944849702,-0.4733703567185614,0.519500732421875
2025-05-13 14:30:00-04:00,212.47520446777344,212.6300048828125,212.0399932861328,212.5457000732422,1875881,0.00040333877749709757,0.28470393092292245,0.5900115966796875
2025-05-13 15:00:00-04:00,212.53500366210935,213.3999938964844,212.4499969482422,213.22999572753903,2776550,0.003219522455928603,0.48013120235238804,0.9499969482422159
2025-05-13 15:30:00-04:00,213.19000244140625,213.36000061035156,212.60499572753903,212.83999633789065,4596157,-0.001829008101405738,0.6553481838972826,0.7550048828125284
2025-05-14 09:30:00-04:00,212.4250030517578,213.61000061035156,211.8699951171875,213.1150054931641,8368759,0.0012920934035201004,0.8208166083099424,1.7400054931640625
2025-05-14 10:00:00-04:00,213.11000061035156,213.94000244140625,212.55239868164065,213.2899932861328,3727676,0.0008210955984249146,-0.5545724282417501,1.3876037597655966
2025-05-14 10:30:00-04:00,213.30499267578125,213.7164001464844,212.3699951171875,212.97999572753903,2498550,-0.0014534088253165267,-0.329729837035193,1.3464050292969034
2025-05-14 11:00:00-04:00,213.0099945068359,213.0998992919922,211.88980102539065,212.6199951171875,2422799,-0.0016903024583213577,-0.030317984430970002,1.210098266601534
2025-05-14 11:30:00-04:00,212.6179962158203,212.8800048828125,212.3524932861328,212.38999938964844,1612426,-0.00108172200555412,-0.33447801489104134,0.5275115966796875
2025-05-14 12:00:00-04:00,212.381103515625,212.63999938964844,211.9900054931641,212.2899932861328,1480315,-0.0004708606987288144,-0.0819330623544895,0.6499938964843466
2025-05-14 12:30:00-04:00,212.2949981689453,212.6000061035156,211.97000122070312,212.0099945068359,1512341,-0.0013189447837963497,0.021634584530995093,0.6300048828124716
2025-05-14 13:00:00-04:00,212.0,212.02999877929688,210.58009338378903,210.9600067138672,2722788,-0.004952539126332867,0.8003796762767128,1.449905395507841
2025-05-14 13:30:00-04:00,210.97000122070312,211.74989318847656,210.9600067138672,211.69500732421875,1630262,0.0034840755923395417,-0.4012526865844862,0.789886474609375
2025-05-14 14:00:00-04:00,211.6999969482422,211.94520568847656,211.36000061035156,211.3699951171875,1421493,-0.0015352851781406107,-0.1280585574588624,0.585205078125
2025-05-14 14:30:00-04:00,211.3800048828125,212.0500030517578,211.19000244140625,211.3999938964844,1908205,0.00014192543875624075,0.3423949326517963,0.8600006103515625
2025-05-14 15:00:00-04:00,211.3999938964844,211.6349945068359,210.9900054931641,211.3594970703125,1893069,-0.00019156493538852182,-0.007932061806776525,0.6449890136718182
2025-05-14 15:30:00-04:00,211.33999633789065,212.6000061035156,211.2400054931641,212.41000366210935,6352084,0.004970236049754551,2.3554424059556203,1.3600006103515057
2025-05-15 09:30:00-04:00,210.9949951171875,212.52999877929688,210.0800018310547,210.4199981689453,7094868,-0.00936869949086594,0.11693548133179599,2.4499969482421875
2025-05-15 10:00:00-04:00,210.4499969482422,210.7100067138672,209.5399932861328,210.2749938964844,2830579,-0.0006891183049269056,-0.6010385253115351,1.170013427734375
2025-05-15 10:30:00-04:00,210.32000732421875,211.94000244140625,210.19000244140625,211.9199981689453,2645587,0.007823109357790514,-0.06535482669800063,1.75
2025-05-15 11:00:00-04:00,211.9199981689453,212.8000030517578,211.27000427246097,212.49639892578125,2465938,0.00271989789456506,-0.06790515677617104,1.5299987792968466
2025-05-15 11:30:00-04:00,212.5,212.9600067138672,211.8800048828125,211.9600067138672,2479811,-0.0025242414206811947,0.00562585109601299,1.0800018310546875
2025-05-15 12:00:00-04:00,211.9613037109375,212.25,211.41009521484375,211.6416931152344,1816569,-0.0015017625426974046,-0.26745667310936194,0.83990478515625
2025-05-15 12:30:00-04:00,211.6300048828125,212.1000061035156,211.2100067138672,212.0399932861328,1489270,0.0018819551338664642,-0.18017427358938742,0.8899993896484091
2025-05-15 13:00:00-04:00,212.0249938964844,212.27999877929688,211.72999572753903,212.12010192871097,1437934,0.0003777996845626408,-0.034470579545683444,0.5500030517578409
2025-05-15 13:30:00-04:00,212.1300048828125,212.1300048828125,211.0399932861328,211.1800994873047,1506854,-0.004431463274151115,0.047929877170996615,1.0900115966796875
2025-05-15 14:00:00-04:00,211.1699981689453,211.32989501953125,210.2599945068359,210.6300048828125,2142438,-0.002604860049918001,0.4217953431453876,1.069900512695341
2025-05-15 14:30:00-04:00,210.6300048828125,211.2100067138672,210.4904937744141,210.65499877929688,1645582,0.00011866256423576083,-0.23191149522179877,0.7195129394530966
2025-05-15 15:00:00-04:00,210.66000366210935,211.08999633789065,210.3249969482422,210.36000061035156,1984332,-0.0014003853250802445,0.2058542205736329,0.7649993896484659
2025-05-15 15:30:00-04:00,210.3500061035156,211.4600067138672,210.1499938964844,211.45799255371097,5877104,0.005219585188123377,1.9617543838430263,1.310012817382784
2025-05-16 09:30:00-04:00,212.32000732421875,212.57000732421875,211.0099945068359,211.75,11704823,0.001380924138939088,0.9915970518813348,1.560012817382841
2025-05-16 10:00:00-04:00,211.6999969482422,211.92999267578125,210.55999755859375,210.6000061035156,4133358,-0.005430903879501292,-0.6468671076871475,1.3699951171875
2025-05-16 10:30:00-04:00,210.58999633789065,210.66000366210935,209.77000427246097,210.2301025390625,2795048,-0.0017564271307346502,-0.3237827451674885,0.8899993896483807
2025-05-16 11:00:00-04:00,210.2400054931641,210.4900054931641,209.90499877929688,210.0800018310547,3982453,-0.0007139829462811109,0.4248245468414138,0.5850067138672159
2025-05-16 11:30:00-04:00,210.08999633789065,210.9199981689453,210.08999633789065,210.6699981689453,2041367,0.002808436465861597,-0.4874096442569441,0.8300018310546591
2025-05-16 12:00:00-04:00,210.6699981689453,211.14990234375,210.4499969482422,210.9550018310547,1612742,0.0013528440906940276,-0.20996959390447678,0.6999053955078125
2025-05-16 12:30:00-04:00,210.9600067138672,211.1699981689453,210.6999969482422,210.91099548339844,1220244,-0.00020860537685418734,-0.2433730875738339,0.470001220703125
2025-05-16 13:00:00-04:00,210.91000366210935,211.4199981689453,210.7599945068359,211.11000061035156,2020785,0.0009435502710373189,0.656049937553473,0.6600036621094034
2025-05-16 13:30:00-04:00,211.11000061035156,211.2960968017578,210.72999572753903,210.9750061035156,2336189,-0.0006394510276428456,0.15607993923153618,0.5661010742187784
2025-05-16 14:00:00-04:00,210.9763946533203,211.7400054931641,210.9250030517578,211.6199951171875,1562240,0.003057182106943168,-0.3312869806338443,0.8150024414062784
2025-05-16 14:30:00-04:00,211.6300048828125,211.89979553222656,211.42999267578125,211.5249938964844,1554281,-0.0004489236503879557,-0.0050946077427284076,0.4698028564453125
2025-05-16 15:00:00-04:00,211.52000427246097,211.92999267578125,211.47250366210935,211.7250061035156,1720675,0.0009455724514950692,0.10705528794342856,0.4574890136719034
2025-05-16 15:30:00-04:00,211.7100067138672,211.72999572753903,211.11000061035156,211.19000244140625,3920156,-0.002526879899333978,1.2782663780202537,0.6199951171874716
2025-05-19 09:30:00-04:00,208.0249938964844,208.27000427246097,204.2599945068359,205.72000122070312,10651160,-0.025900853058708373,1.7170245265749626,4.010009765625057
2025-05-19 10:00:00-04:00,205.72000122070312,207.47999572753903,205.6699981689453,206.61990356445312,4524451,0.004374403744945354,-0.5752151878293068,1.8099975585937216
2025-05-19 10:30:00-04:00,206.61000061035156,207.58999633789065,206.2400054931641,207.5399932861328,3022207,0.004453054646754717,-0.3320279079163416,1.3499908447265625
2025-05-19 11:00:00-04:00,207.55999755859375,208.0399932861328,206.96499633789065,207.3300018310547,2296146,-0.0010118119970670136,-0.24024198210115988,1.074996948242159
2025-05-19 11:30:00-04:00,207.32000732421875,207.9600067138672,207.27999877929688,207.6300048828125,1388412,0.0014469833073280647,-0.3953293910753062,0.6800079345703125
2025-05-19 12:00:00-04:00,207.6300048828125,208.5800018310547,207.58009338378903,208.48260498046875,1645305,0.0041063433877848166,0.18502649069584542,0.9999084472656534
2025-05-19 12:30:00-04:00,208.4900054931641,208.72000122070312,208.07000732421875,208.57000732421875,1545892,0.000419230869444398,-0.06042223174426631,0.649993896484375
2025-05-19 13:00:00-04:00,208.57000732421875,209.47999572753903,208.55999755859375,208.92999267578125,1817998,0.001725968926121313,0.1760187645708755,0.9199981689452841
2025-05-19 13:30:00-04:00,208.92999267578125,209.1999969482422,208.3500061035156,208.4145965576172,1383566,-0.0024668364343641835,-0.23896175903383832,0.8499908447265909
2025-05-19 14:00:00-04:00,208.4149932861328,208.47000122070312,207.77999877929688,208.02999877929688,1723085,-0.0018453495324833868,0.2453941481649593,0.69000244140625
2025-05-19 14:30:00-04:00,208.0500030517578,208.73500061035156,208.02999877929688,208.66000366210935,1179186,0.0030284328534793126,-0.31565419001384143,0.7050018310546875
2025-05-19 15:00:00-04:00,208.6699981689453,208.8000030517578,207.9600067138672,208.1273956298828,1523695,-0.002552516164473051,0.29215831938303194,0.839996337890625
2025-05-19 15:30:00-04:00,208.1199951171875,208.92999267578125,208.1000061035156,208.7599945068359,4045825,0.003039479137470602,1.6552722165525253,0.8299865722656534
2025-05-20 09:30:00-04:00,208.0449981689453,208.07000732421875,206.47000122070312,207.5099945068359,7519128,-0.005987737271946791,0.8584906663041529,1.600006103515625
2025-05-20 10:00:00-04:00,207.47999572753903,208.1436004638672,207.08999633789065,207.84500122070312,2391983,0.0016144124270418558,-0.6818802659031739,1.053604125976534
2025-05-20 10:30:00-04:00,207.8300018310547,208.47000122070312,207.5359039306641,207.58999633789065,2048611,-0.0012268992822285218,-0.14355118744573014,0.9340972900390341
2025-05-20 11:00:00-04:00,207.5800018310547,207.7899932861328,207.22000122070312,207.63429260253903,1713633,0.00021338342612753358,-0.16351469361435622,0.5699920654296875
2025-05-20 11:30:00-04:00,207.6499938964844,208.42999267578125,207.0500030517578,207.9149932861328,2633153,0.0013518994385532945,0.5365909736798953,1.3799896240234375
2025-05-20 12:00:00-04:00,207.91000366210935,208.0800018310547,207.52000427246097,207.80999755859375,1469652,-0.0005049935354809465,-0.44186608222157997,0.5599975585937216
2025-05-20 12:30:00-04:00,207.80999755859375,208.0153961181641,207.5800018310547,207.61000061035156,1208814,-0.0009624029189730932,-0.1774828326705914,0.4353942871094034
2025-05-20 13:00:00-04:00,207.61000061035156,207.72999572753903,207.11000061035156,207.3800048828125,1594487,-0.0011078258603289814,0.319050738988794,0.6199951171874716
2025-05-20 13:30:00-04:00,207.3699951171875,207.40499877929688,206.68499755859375,206.84860229492188,1736900,-0.002562458170405124,0.08931587400838015,0.720001220703125
2025-05-20 14:00:00-04:00,206.83999633789065,206.85499572753903,205.47000122070312,205.58999633789065,2463013,-0.006084672282371639,0.41805112556854174,1.384994506835909
2025-05-20 14:30:00-04:00,205.5800018310547,205.72000122070312,205.2100067138672,205.3500061035156,2463201,-0.0011673244741958744,7.63292763781287e-05,0.5099945068359375
2025-05-20 15:00:00-04:00,205.3300018310547,206.41000366210935,205.02999877929688,206.27000427246097,2381301,0.004480146781596028,-0.03324941813518267,1.3800048828124716
2025-05-20 15:30:00-04:00,206.27000427246097,206.94000244140625,205.92999267578125,206.8699951171875,3731510,0.0029087643976291044,0.5670047591631633,1.010009765625
2025-05-21 09:30:00-04:00,205.1199951171875,205.77000427246097,204.05999755859375,205.44000244140625,5729111,-0.006912518535958756,0.5353331493148885,1.710006713867216
2025-05-21 10:00:00-04:00,205.42999267578125,206.7799072265625,205.02999877929688,205.80999755859375,3212564,0.0018009886720724566,-0.4392561079720746,1.749908447265625
2025-05-21 10:30:00-04:00,205.8500061035156,206.47999572753903,205.4761962890625,206.20120239257812,2187345,0.0019008057850689042,-0.3191279613417818,1.003799438476534
2025-05-21 11:00:00-04:00,206.17999267578125,207.0399932861328,206.16000366210935,206.5800018310547,2086226,0.0018370379710752616,-0.046229104233671436,0.8799896240234659
2025-05-21 11:30:00-04:00,206.57000732421875,206.8699951171875,205.9900054931641,206.0,1912625,-0.0028076378444852335,-0.08321294049637962,0.8799896240234091
2025-05-21 12:00:00-04:00,205.9949951171875,206.27000427246097,205.5200958251953,205.63999938964844,1657828,-0.0017475757784056745,-0.1332184824521273,0.7499084472656534
2025-05-21 12:30:00-04:00,205.6499938964844,206.08999633789065,205.0,205.15980529785156,2011404,-0.002335120079858588,0.2132766487235105,1.0899963378906534
2025-05-21 13:00:00-04:00,205.22000122070312,205.2698974609375,202.02000427246097,202.1000061035156,10393982,-0.014914223523919468,4.167525768070462,3.249893188476534
2025-05-21 13:30:00-04:00,202.08999633789065,203.34500122070312,201.80999755859375,203.0930938720703,3983007,0.004913843337768453,-0.6167968156958517,1.535003662109375
2025-05-21 14:00:00-04:00,203.1000061035156,203.2599945068359,201.7599945068359,202.3415069580078,3701589,-0.003700701484886215,-0.0706546586536253,1.5
2025-05-21 14:30:00-04:00,202.32000732421875,202.61000061035156,200.8999938964844,201.38949584960935,3330301,-0.0047049719195579875,-0.10030503116364353,1.710006713867159
2025-05-21 15:00:00-04:00,201.3867950439453,201.80999755859375,200.72000122070312,201.0301055908203,3698667,-0.0017845531479825372,0.11061042230116747,1.089996337890625
2025-05-21 15:30:00-04:00,201.05999755859375,202.4900054931641,201.0500030517578,202.05999755859375,6085411,0.005123073306590786,0.645298427784929,1.4400024414062784
2025-05-22 09:30:00-04:00,200.71499633789065,201.44219970703125,199.6999969482422,201.1999969482422,9222257,-0.004256164608247959,0.5154698671954943,1.7422027587890625
2025-05-22 10:00:00-04:00,201.2100067138672,201.63999938964844,200.25929260253903,200.36000061035156,4117610,-0.004174932160196376,-0.5535138524116168,1.3807067871094034
2025-05-22 10:30:00-04:00,200.3699951171875,201.17999267578125,200.3536071777344,200.8650054931641,3036528,0.0025204875288189488,-0.2625508486719238,0.8263854980468466
2025-05-22 11:00:00-04:00,200.8699951171875,201.36000061035156,200.6499938964844,200.9499969482422,2203023,0.0004231272384624951,-0.27449277595991206,0.7100067138671591
2025-05-22 11:30:00-04:00,200.9499969482422,202.2899932861328,200.86000061035156,201.75,2658082,0.003981105070451241,0.2065611661793818,1.42999267578125
2025-05-22 12:00:00-04:00,201.75,202.4098968505859,201.6000061035156,201.9499969482422,1815761,0.0009913107719563552,-0.3168905248220333,0.8098907470703125
2025-05-22 12:30:00-04:00,201.94500732421875,202.0699005126953,201.61000061035156,201.63279724121097,1456157,-0.0015706843863558806,-0.19804588819784097,0.45989990234375
2025-05-22 13:00:00-04:00,201.63999938964844,201.9499969482422,201.16000366210935,201.88999938964844,1767112,0.0012755967876088015,0.21354496802199208,0.7899932861328409
2025-05-22 13:30:00-04:00,201.8800048828125,202.17999267578125,201.6699981689453,201.88999938964844,1700504,0.0,-0.0376931399933903,0.5099945068359375
2025-05-22 14:00:00-04:00,201.8849945068359,202.22000122070312,201.6750030517578,201.97000122070312,1852058,0.0003962644573607399,0.08912298941960728,0.5449981689453125
2025-05-22 14:30:00-04:00,201.9600067138672,202.2550048828125,201.6499938964844,202.1300048828125,2000836,0.0007922149880790208,0.08033117753331709,0.6050109863280966
2025-05-22 15:00:00-04:00,202.1199951171875,202.72000122070312,202.1000061035156,202.61000061035156,3070536,0.002374688150912352,0.534626526112085,0.6199951171875284
2025-05-22 15:30:00-04:00,202.6199951171875,202.6499938964844,201.0,201.3699951171875,5705738,-0.006120159367398514,0.8582221475338507,1.6499938964844034
2025-05-23 09:30:00-04:00,193.6649932861328,197.0998992919922,193.4600067138672,196.3699951171875,20875470,-0.024829915683765358,2.6586800866075517,3.639892578125
2025-05-23 10:00:00-04:00,196.33999633789065,197.6999969482422,195.98500061035156,197.1699981689453,7095019,0.004073957690330365,-0.6601265025410206,1.714996337890625
2025-05-23 10:30:00-04:00,197.1499938964844,197.3699951171875,195.69000244140625,195.9300994873047,4648605,-0.006288475392580817,-0.3448072513970717,1.67999267578125
2025-05-23 11:00:00-04:00,195.94000244140625,196.6087951660156,195.86000061035156,196.5850067138672,3140961,0.003342555473999198,-0.3243218126728341,0.7487945556640341
2025-05-23 11:30:00-04:00,196.58999633789065,197.1199951171875,195.9801025390625,196.2001037597656,3658292,-0.001957946643722508,0.16470468751442624,1.139892578125
2025-05-23 12:00:00-04:00,196.19000244140625,196.6699981689453,195.71499633789065,196.0502014160156,3034793,-0.0007640278515527177,-0.17043445411137215,0.9550018310546591
2025-05-23 12:30:00-04:00,196.05079650878903,196.42990112304688,195.6349945068359,196.1000061035156,2879918,0.00025404048116395295,-0.05103313471462467,0.7949066162109659
2025-05-23 13:00:00-04:00,196.10499572753903,196.67239379882812,195.77000427246097,196.6199951171875,3214012,0.002651652205443611,0.11600816412133952,0.9023895263671591
2025-05-23 13:30:00-04:00,196.6000061035156,196.6000061035156,195.58999633789065,195.97999572753903,3161938,-0.003255006639924951,-0.016202179705613995,1.0100097656249432
2025-05-23 14:00:00-04:00,195.9550018310547,196.52999877929688,195.08999633789065,195.75,4138851,-0.0011735673668387125,0.30896020099065824,1.4400024414062216
2025-05-23 14:30:00-04:00,195.72000122070312,195.8999938964844,195.2906036376953,195.5249938964844,2317154,-0.0011494564675126329,-0.44014558629919265,0.6093902587890909
2025-05-23 15:00:00-04:00,195.52000427246097,195.8999938964844,195.02999877929688,195.46240234375,3974351,-0.0003201204689337045,0.7151863881295761,0.8699951171875284
2025-05-23 15:30:00-04:00,195.4600067138672,195.97000122070312,195.02999877929688,195.33999633789065,8128777,-0.0006262381122487115,1.045309284459274,0.94000244140625
2025-05-27 09:30:00-04:00,198.3000030517578,199.1699981689453,197.42999267578125,198.06759643554688,8852639,0.013963346722594139,0.08904931209208966,1.7400054931640625
2025-05-27 10:00:00-04:00,198.0800018310547,198.7550048828125,197.92999267578125,198.3500061035156,4490558,0.0014258246833456223,-0.49274357623754905,0.82501220703125
2025-05-27 10:30:00-04:00,198.36000061035156,198.87989807128903,198.0099945068359,198.15499877929688,3348350,-0.000983147558447528,-0.2543576989763856,0.869903564453125
2025-05-27 11:00:00-04:00,198.1699981689453,199.3699951171875,198.10499572753903,199.3650054931641,3528837,0.00610636482209026,0.05390326578762683,1.264999389648466
2025-05-27 11:30:00-04:00,199.36000061035156,200.0930023193359,199.0,200.07000732421875,3374677,0.003536236609382515,-0.043685780896085546,1.093002319335909
2025-05-27 12:00:00-04:00,200.07000732421875,200.5800018310547,199.96139526367188,199.9949951171875,3118695,-0.0003749297959972919,-0.07585377800601356,0.6186065673828125
2025-05-27 12:30:00-04:00,199.9900054931641,200.6499938964844,199.88999938964844,200.0399932861328,2495002,0.00022499647513152254,-0.19998525024088598,0.7599945068359659
2025-05-27 13:00:00-04:00,200.0449981689453,200.1199951171875,199.6699981689453,199.95989990234375,2293955,-0.00040038685501497806,-0.08057989532673726,0.4499969482421875
2025-05-27 13:30:00-04:00,199.9550018310547,200.5500030517578,199.80999755859375,200.5406951904297,2039517,0.0029045588058884686,-0.1109167355070173,0.7400054931640625
2025-05-27 14:00:00-04:00,200.5399932861328,200.7400054931641,200.35369873046875,200.3699951171875,2159601,-0.000851199169725092,0.058878646267719326,0.3863067626953409
2025-05-27 14:30:00-04:00,200.3800048828125,200.5500030517578,200.22000122070312,200.46380615234375,2092699,0.0004681890374922393,-0.030978870633973643,0.3300018310546875
2025-05-27 15:00:00-04:00,200.4499969482422,200.5500030517578,200.19000244140625,200.29440307617188,2251908,-0.0008450556707635393,0.07607830844282915,0.3600006103515625
2025-05-27 15:30:00-04:00,200.3000030517578,200.47000122070312,199.92999267578125,200.1999969482422,6028688,-0.0004713368245931049,1.677146668513989,0.540008544921875
2025-05-28 09:30:00-04:00,200.67999267578125,202.72999572753903,199.8999938964844,200.0800018310547,7954460,-0.0005993762188644114,0.3194346763342206,2.8300018310546307
2025-05-28 10:00:00-04:00,200.07000732421875,200.8999938964844,200.0,200.75,3429675,0.0033486513535272433,-0.5688362252120194,0.8999938964844034
2025-05-28 10:30:00-04:00,200.7400054931641,201.0500030517578,200.2100067138672,200.79559326171875,2837691,0.00022711462873603594,-0.17260644230138422,0.839996337890625
2025-05-28 11:00:00-04:00,200.7899932861328,201.30999755859375,200.5800018310547,201.0449981689453,2151811,0.0012420835695408083,-0.24170355405151578,0.7299957275390625
2025-05-28 11:30:00-04:00,201.0500030517578,201.2899932861328,200.8887939453125,200.9098968505859,1405564,-0.0006719954218700197,-0.3467995098082499,0.4011993408203125
2025-05-28 12:00:00-04:00,200.91000366210935,201.2899932861328,200.86199951171875,201.1000061035156,1276246,0.0009462413545067161,-0.09200434843237304,0.4279937744140625
2025-05-28 12:30:00-04:00,201.08999633789065,201.3500061035156,200.8249969482422,201.0800018310547,1311212,-9.947425088896455e-05,0.027397539345862754,0.5250091552734091
2025-05-28 13:00:00-04:00,201.08999633789065,201.52000427246097,200.92999267578125,201.11000061035156,1381743,0.00014918827841503557,0.05379069136035963,0.5900115966797159
2025-05-28 13:30:00-04:00,201.1199951171875,201.1374969482422,200.72999572753903,200.86000061035156,1445316,-0.001243100786839424,0.046009279583830054,0.4075012207031534
2025-05-28 14:00:00-04:00,200.8592071533203,201.25,200.8000030517578,200.8500061035156,1119320,-4.9758572167712956e-05,-0.22555344298409485,0.4499969482421875
2025-05-28 14:30:00-04:00,200.83999633789065,201.2100067138672,200.32000732421875,200.8849945068359,1646836,0.00017420165425474643,0.47128256441410854,0.8899993896484375
2025-05-28 15:00:00-04:00,200.8699951171875,201.52110290527344,200.80999755859375,201.12860107421875,2055381,0.0012126668195446832,0.24807874008097963,0.7111053466796875
2025-05-28 15:30:00-04:00,201.08999633789065,201.39500427246097,200.19500732421875,200.4199981689453,4638874,-0.0035231334652994217,1.2569411705177775,1.199996948242216
2025-05-29 09:30:00-04:00,203.27000427246097,203.77999877929688,201.0,201.34500122070312,9688059,0.004615323122486359,1.0884505593383222,2.779998779296875
2025-05-29 10:00:00-04:00,201.3300018310547,201.6645050048828,200.7599945068359,201.13999938964844,3581354,-0.001018162009544854,-0.6303331761295012,0.9045104980469034
2025-05-29 10:30:00-04:00,201.11000061035156,201.6499938964844,200.8699951171875,201.4600067138672,2492627,0.001590968107734847,-0.30399871110200216,0.7799987792969034
2025-05-29 11:00:00-04:00,201.4499969482422,201.48989868164065,200.5500030517578,200.7400054931641,2473048,-0.0035739163938662832,-0.00785476527374529,0.9398956298828409
2025-05-29 11:30:00-04:00,200.7400054931641,200.8000030517578,198.6999969482422,198.8650054931641,3481111,-0.009340440115031545,0.40761966609625055,2.100006103515625
2025-05-29 12:00:00-04:00,198.8300018310547,199.75,198.5099945068359,199.4199981689453,2655909,0.0027908010984882825,-0.23705133217527397,1.240005493164091
2025-05-29 12:30:00-04:00,199.3999938964844,200.2050018310547,199.3999938964844,200.10009765625,1864506,0.003410387591762598,-0.29797820633161753,0.8050079345702841
2025-05-29 13:00:00-04:00,200.08999633789065,200.44960021972656,199.9199981689453,199.9750061035156,2070636,-0.0006251448859825315,0.11055475284069893,0.52960205078125
2025-05-29 13:30:00-04:00,199.9600067138672,200.1699981689453,199.05999755859375,199.2100067138672,2005707,-0.003825475015874824,-0.03135703233209508,1.1100006103515625
2025-05-29 14:00:00-04:00,199.2050018310547,199.77000427246097,199.0399932861328,199.0399932861328,1857573,-0.0008534381908764654,-0.07385625118723727,0.7300109863281534
2025-05-29 14:30:00-04:00,199.0399932861328,199.57000732421875,198.77000427246097,198.9250030517578,2077056,-0.0005777242677540428,0.11815578714806896,0.8000030517577841
2025-05-29 15:00:00-04:00,198.9149932861328,199.44500732421875,198.57000732421875,199.13929748535156,2773758,0.0010772624371306883,0.3354276437419117,0.875
2025-05-29 15:30:00-04:00,199.125,200.2480010986328,199.0800018310547,199.9499969482422,5888522,0.0040710169872435475,1.1229400690326985,1.167999267578125
2025-05-30 09:30:00-04:00,199.40499877929688,199.57000732421875,197.97000122070312,198.24769592285156,6177370,-0.008513633665277132,0.049052716454145884,1.600006103515625
2025-05-30 10:00:00-04:00,198.22000122070312,199.3430023193359,198.156005859375,199.2400054931641,2767698,0.005005402790147384,-0.5519617571879295,1.186996459960909
2025-05-30 10:30:00-04:00,199.22999572753903,199.48500061035156,198.8999938964844,199.03500366210935,1912579,-0.0010289190192869224,-0.30896398378724843,0.5850067138671591
2025-05-30 11:00:00-04:00,199.0500030517578,199.44000244140625,198.80999755859375,199.30999755859375,1389966,0.0013816358501002046,-0.27325041213983836,0.6300048828125
2025-05-30 11:30:00-04:00,199.3000030517578,199.3699951171875,198.610107421875,198.8800048828125,1470149,-0.0021574064575202723,0.057687022560264145,0.7598876953125
2025-05-30 12:00:00-04:00,198.8800048828125,198.9900054931641,197.55039978027344,197.71499633789065,2168346,-0.005857846522119292,0.47491580785348964,1.4396057128906534
2025-05-30 12:30:00-04:00,197.72000122070312,197.78500366210935,196.77999877929688,197.3567047119141,3194939,-0.001812162115231053,0.4734451973993081,1.0050048828124716
2025-05-30 13:00:00-04:00,197.33999633789065,198.1699981689453,197.1699981689453,198.0850067138672,1910902,0.003690282542040846,-0.40189718802143015,1.0
2025-05-30 13:30:00-04:00,198.0800018310547,198.47000122070312,197.9499969482422,198.21499633789065,1386417,0.0006562315148426201,-0.27446985769024257,0.5200042724609375
2025-05-30 14:00:00-04:00,198.22000122070312,199.17999267578125,198.17999267578125,199.1199951171875,1802391,0.004565743238488906,0.3000352707735119,1.0
2025-05-30 14:30:00-04:00,199.1199951171875,199.36000061035156,198.9199981689453,199.32000732421875,1967953,0.0010044807750901885,0.0918568723434594,0.44000244140625
2025-05-30 15:00:00-04:00,199.30999755859375,200.22999572753903,199.2888946533203,200.05059814453125,2685785,0.003665416383033193,0.36476074377792567,0.9411010742187216
2025-05-30 15:30:00-04:00,200.07000732421875,201.9499969482422,199.74009704589844,200.66000366210935,12325548,0.003046256913152634,3.589178955128575,2.20989990234375
2025-06-02 09:30:00-04:00,201.625,202.1300048828125,200.52999877929688,201.11000061035156,6015236,0.002242584172379214,-0.5119700965831295,1.600006103515625
2025-06-02 10:00:00-04:00,201.05999755859375,201.1300048828125,200.1199951171875,200.52999877929688,2851671,-0.002884002930209517,-0.5259253336028711,1.010009765625
2025-06-02 10:30:00-04:00,200.52000427246097,201.48719787597656,200.3500061035156,201.43499755859375,2443652,0.004513034382914949,-0.14308067094696408,1.137191772460966
2025-06-02 11:00:00-04:00,201.42999267578125,201.9900054931641,200.6269989013672,200.7100067138672,2442670,-0.003599130506185655,-0.0004018575476376629,1.3630065917969034
2025-06-02 11:30:00-04:00,200.72000122070312,201.1000061035156,200.3000030517578,201.0050048828125,1786527,0.001469773100879035,-0.2686171279788101,0.8000030517577841
2025-06-02 12:00:00-04:00,201.0142059326172,201.1186981201172,200.71499633789065,201.02999877929688,1361338,0.000124344647532304,-0.23799752256752904,0.4037017822265341
2025-06-02 12:30:00-04:00,201.02999877929688,201.16799926757812,200.57000732421875,200.89349365234375,1088555,-0.000679028641406787,-0.2003785981145021,0.597991943359375
2025-06-02 13:00:00-04:00,200.89500427246097,201.1199951171875,200.86000061035156,200.860107421875,1138911,-0.00016618870955831255,0.046259490792839975,0.2599945068359375
2025-06-02 13:30:00-04:00,200.86000061035156,201.00360107421875,200.58009338378903,200.8999938964844,1194920,0.00019857837935743916,0.04917767937968809,0.4235076904297159
2025-06-02 14:00:00-04:00,200.8999938964844,201.52999877929688,200.6300048828125,201.45399475097656,1609839,0.002757595178313421,0.34723579821243256,0.899993896484375
2025-06-02 14:30:00-04:00,201.4499969482422,201.52999877929688,201.1750030517578,201.26499938964844,1159472,-0.0009381564339875359,-0.27975903180380146,0.3549957275390625
2025-06-02 15:00:00-04:00,201.27000427246097,201.7799072265625,201.13999938964844,201.66000366210935,1646127,0.0019626078734940045,0.4197212179336802,0.6399078369140625
2025-06-02 15:30:00-04:00,201.6499938964844,201.80990600585935,201.3000030517578,201.8000030517578,3972829,0.0006942347867999743,1.4134401537669938,0.5099029541015341
2025-06-03 09:30:00-04:00,202.1349945068359,202.8500061035156,200.9550018310547,202.5500030517578,7137512,0.0037165509844301337,0.7965817305501948,1.895004272460909
2025-06-03 10:00:00-04:00,202.55999755859375,203.2400054931641,201.61000061035156,201.7400054931641,3168246,-0.003999000475881198,-0.5561133907725829,1.6300048828125284
2025-06-03 10:30:00-04:00,201.7400054931641,202.1499938964844,201.52020263671875,202.05499267578125,2410039,0.0015613521068722491,-0.23931443454832735,0.6297912597656534
2025-06-03 11:00:00-04:00,202.05999755859375,202.69000244140625,202.05999755859375,202.5,2338248,0.0022024069701302995,-0.029788314628933388,0.6300048828125
2025-06-03 11:30:00-04:00,202.52000427246097,202.97000122070312,202.05999755859375,202.9199981689453,1807458,0.00207406503182872,-0.22700329477454917,0.910003662109375
2025-06-03 12:00:00-04:00,202.92999267578125,203.33999633789065,202.58999633789065,203.05499267578125,2410517,0.0006652597479501754,0.3336503531479016,0.75
2025-06-03 12:30:00-04:00,203.05999755859375,203.7400054931641,203.0099945068359,203.1499938964844,2107453,0.0004678595657818807,-0.12572572605793697,0.7300109863281818
2025-06-03 13:00:00-04:00,203.1499938964844,203.3999938964844,202.72000122070312,203.31460571289065,1713118,0.0008102969301102547,-0.1871144931820543,0.6799926757812784
2025-06-03 13:30:00-04:00,203.3350067138672,203.77000427246097,203.1699981689453,203.21499633789065,1703981,-0.0004899272959300038,-0.005333549702939311,0.6000061035156534
2025-06-03 14:00:00-04:00,203.22999572753903,203.27000427246097,202.5,203.0917053222656,1635527,-0.0006067023489745305,-0.04017298314946005,0.7700042724609659
2025-06-03 14:30:00-04:00,203.0800018310547,203.41000366210935,203.0800018310547,203.3999938964844,1261045,0.0015179771804545439,-0.22896717694052127,0.3300018310546591
2025-06-03 15:00:00-04:00,203.39500427246097,203.4398956298828,202.9900054931641,203.17999267578125,1730185,-0.001081618619984459,0.3720247889647079,0.4498901367187216
2025-06-03 15:30:00-04:00,203.17999267578125,203.4698944091797,202.97999572753903,203.33999633789065,4035108,0.0007874971349404181,1.3321829746529996,0.4898986816406534
2025-06-04 09:30:00-04:00,203.4499969482422,205.36000061035156,202.6508026123047,205.0348968505859,7544474,0.00833530315343789,0.8697080722498629,2.709197998046875
2025-06-04 10:00:00-04:00,205.05999755859375,206.2400054931641,204.6199951171875,205.13999938964844,5069599,0.0005126080519801679,-0.3280381110730848,1.620010375976591
2025-06-04 10:30:00-04:00,205.1199951171875,205.17999267578125,203.99009704589844,204.27999877929688,2248809,-0.004192261932876695,-0.5564128444873055,1.1898956298828125
2025-06-04 11:00:00-04:00,204.31500244140625,204.7100067138672,204.08999633789065,204.08999633789065,2190336,-0.0009301079035716198,-0.026001763600199013,0.6200103759765341
2025-06-04 11:30:00-04:00,204.08999633789065,204.6000061035156,202.1499938964844,203.36000061035156,5244272,-0.0035768324789937633,1.394277407667134,2.450012207031193
2025-06-04 12:00:00-04:00,203.3500061035156,203.38999938964844,202.82000732421875,202.8300018310547,1885903,-0.002606209567791895,-0.640388027165639,0.5699920654296875
2025-06-04 12:30:00-04:00,202.82000732421875,203.27000427246097,202.6150054931641,203.1999969482422,1269769,0.0018241636535392125,-0.32670503201914414,0.654998779296875
2025-06-04 13:00:00-04:00,203.22999572753903,203.58999633789065,203.1999969482422,203.4149932861328,1369453,0.001058052859840286,0.07850561795098154,0.3899993896484659
2025-06-04 13:30:00-04:00,203.41200256347656,203.47000122070312,202.8500061035156,203.2899932861328,1419954,-0.0006145073083386743,0.03687676758530589,0.6199951171875284
2025-06-04 14:00:00-04:00,203.2899932861328,203.4499969482422,203.0800018310547,203.1199951171875,1189636,-0.0008362348101711436,-0.16220102904741984,0.3699951171875
2025-06-04 14:30:00-04:00,203.11000061035156,203.1300048828125,202.7599945068359,202.93499755859375,1367298,-0.00091077965262365,0.14934147924239016,0.3700103759765909
2025-06-04 15:00:00-04:00,202.92999267578125,203.25,202.8699951171875,203.19000244140625,1746875,0.0012565840583453891,0.27761102554088435,0.3800048828125
2025-06-04 15:30:00-04:00,203.19000244140625,203.44769287109375,202.7599945068359,202.88699340820312,3543324,-0.0014912595578638888,1.0283786762075136,0.6876983642578409
2025-06-05 09:30:00-04:00,203.59500122070312,203.83999633789065,201.27000427246097,201.57000732421875,6158597,-0.006491229732675019,0.7380846346537884,2.5699920654296875
2025-06-05 10:00:00-04:00,201.55999755859375,202.53379821777344,201.3500061035156,202.4499969482422,3597771,0.004365677392708545,-0.41581321200266874,1.183792114257841
2025-06-05 10:30:00-04:00,202.4499969482422,203.3300018310547,201.6772003173828,203.1999969482422,3698007,0.003704618480146138,0.02786058367806077,1.652801513671875
2025-06-05 11:00:00-04:00,203.1999969482422,204.58999633789065,203.05999755859375,204.54379272460935,2933513,0.006613168290103166,-0.20673135556530853,1.5299987792969034
2025-06-05 11:30:00-04:00,204.53500366210935,204.75,203.87109375,204.1649932861328,2526432,-0.0018519234117582162,-0.13876911402812941,0.87890625
2025-06-05 12:00:00-04:00,204.1649932861328,204.38999938964844,202.47999572753903,203.13999938964844,2258603,-0.00502041941660325,-0.10601076933794373,1.9100036621094034
2025-06-05 12:30:00-04:00,203.13999938964844,203.25,201.69639587402344,201.8437042236328,2006791,-0.006381289602788498,-0.11149015564045561,1.5536041259765625
2025-06-05 13:00:00-04:00,201.8350067138672,202.6699981689453,201.5500030517578,202.60009765625,1942144,0.003747421479042723,-0.03221411696584253,1.1199951171875
2025-06-05 13:30:00-04:00,202.6000061035156,202.8999938964844,202.25,202.3500061035156,1295368,-0.0012344098331025233,-0.33302165029987474,0.6499938964844034
2025-06-05 14:00:00-04:00,202.3699951171875,202.41000366210935,201.1499938964844,202.2104034423828,1850518,-0.0006899068787838969,0.42856547328635575,1.2600097656249432
2025-06-05 14:30:00-04:00,202.2100067138672,202.72000122070312,202.05999755859375,202.3500061035156,1539312,0.0006903831788880321,-0.16817237119552475,0.660003662109375
2025-06-05 15:00:00-04:00,202.33999633789065,202.41000366210935,200.1999969482422,200.72999572753903,3286083,-0.008005981354642588,1.1347738470173687,2.210006713867159
2025-06-05 15:30:00-04:00,200.7400054931641,201.77000427246097,200.15960693359375,200.5500030517578,6191418,-0.0008966904778174856,0.8841331761857507,1.610397338867216
2025-06-06 09:30:00-04:00,202.9949951171875,205.6999969482422,202.98309326171875,204.5399932861328,8220241,0.019895238961154638,0.3276830929522123,2.7169036865234375
2025-06-06 10:00:00-04:00,204.57000732421875,204.74459838867188,203.3300018310547,203.66000366210935,2886081,-0.004302286364077701,-0.6489055491195452,1.4145965576171875
2025-06-06 10:30:00-04:00,203.5399932861328,203.9199981689453,203.1199951171875,203.1499938964844,2369718,-0.0025042215283030966,-0.1789149368988604,0.8000030517578125
2025-06-06 11:00:00-04:00,203.13999938964844,204.05999755859375,202.860107421875,203.0399932861328,2643436,-0.0005414748395593527,0.11550657082403903,1.19989013671875
2025-06-06 11:30:00-04:00,203.02000427246097,203.6000061035156,202.8699951171875,203.0449981689453,1578971,2.46497388594058e-05,-0.4026823422242869,0.7300109863280966
2025-06-06 12:00:00-04:00,203.0500030517578,203.18080139160156,202.61000061035156,202.625,1626143,-0.002068497981889905,0.029875152868545474,0.57080078125
2025-06-06 12:30:00-04:00,202.6622009277344,202.77569580078125,202.0500030517578,202.69500732421875,2629443,0.0003455019085440991,0.6169814093840456,0.7256927490234375
2025-06-06 13:00:00-04:00,202.69000244140625,203.77999877929688,202.61000061035156,203.58999633789065,1777369,0.004415446761549147,-0.324051139347763,1.1699981689453125
2025-06-06 13:30:00-04:00,203.6000061035156,204.1499938964844,203.58999633789065,204.05499267578125,1549229,0.002283984214621615,-0.12835826437841547,0.55999755859375
2025-06-06 14:00:00-04:00,204.05999755859375,205.2100067138672,204.04010009765625,204.98500061035156,2607774,0.004557633814174622,0.6832721308470213,1.1699066162109375
2025-06-06 14:30:00-04:00,204.9900054931641,205.47000122070312,204.9900054931641,205.26499938964844,2001678,0.0013659476472092091,-0.2324189136021757,0.4799957275390341
2025-06-06 15:00:00-04:00,205.19900512695312,205.3000030517578,204.68499755859375,204.6999969482422,2252181,-0.0027525513023958226,0.12514650208475087,0.6150054931640625
2025-06-06 15:30:00-04:00,204.69000244140625,205.22000122070312,203.89500427246097,203.92999267578125,5842274,-0.0037616232727919474,1.594051721420259,1.324996948242159
2025-06-09 09:30:00-04:00,204.3999938964844,205.5500030517578,203.97999572753903,204.8300018310547,6696371,0.004413324119048712,0.14619256132115677,1.5700073242187784
2025-06-09 10:00:00-04:00,204.8500061035156,206.0,204.6699981689453,205.32000732421875,3508231,0.0023922544977967863,-0.4760996665208663,1.3300018310546875
2025-06-09 10:30:00-04:00,205.3000030517578,205.7400054931641,204.52999877929688,204.72000122070312,2808657,-0.0029222973023187437,-0.19940933193965849,1.210006713867216
2025-06-09 11:00:00-04:00,204.72000122070312,204.94000244140625,204.5099945068359,204.52999877929688,1837875,-0.0009281088329098353,-0.3456392147563765,0.4300079345703409
2025-06-09 11:30:00-04:00,204.5301055908203,204.6499938964844,204.26119995117188,204.4600067138672,1756335,-0.00034220928884476365,-0.04436645582534182,0.3887939453125284
2025-06-09 12:00:00-04:00,204.47999572753903,204.91000366210935,203.72999572753903,203.9288024902344,2904197,-0.0025980837630323883,0.6535552727697165,1.1800079345703125
2025-06-09 12:30:00-04:00,203.92999267578125,204.80999755859375,203.88999938964844,204.6999969482422,2261439,0.003781684826226206,-0.22132038563499656,0.9199981689453125
2025-06-09 13:00:00-04:00,204.7100067138672,205.2998962402344,200.02000427246097,200.72000122070312,12688085,-0.019443066863090386,4.610624474062754,5.2798919677734375
2025-06-09 13:30:00-04:00,200.7100067138672,202.57000732421875,200.02999877929688,202.46499633789065,8350808,0.008693678291027851,-0.34183858320621274,2.540008544921875
2025-06-09 14:00:00-04:00,202.4499969482422,202.66769409179688,201.27000427246097,201.4600067138672,4702717,-0.004963769748852043,-0.43685485284777237,1.397689819335909
2025-06-09 14:30:00-04:00,201.42999267578125,201.6999969482422,200.6300048828125,201.52000427246097,5386532,0.0002978137426501437,0.14540849470635808,1.0699920654296875
2025-06-09 15:00:00-04:00,201.53990173339844,201.5800018310547,200.83999633789065,201.25,3233818,-0.0013398385606220309,-0.3996474911872797,0.7400054931640341
2025-06-09 15:30:00-04:00,201.2100067138672,202.35499572753903,200.88999938964844,201.44000244140625,7398849,0.0009441115100932151,1.2879608561768165,1.4649963378905966
2025-06-10 09:30:00-04:00,200.6000061035156,203.1499938964844,200.57000732421875,202.1999969482422,9194250,0.0037728082685910547,0.24265950014657678,2.5799865722656534
2025-06-10 10:00:00-04:00,202.1999969482422,203.35690307617188,202.17999267578125,202.8699951171875,4006442,0.00331354193401312,-0.5642448269298747,1.176910400390625
2025-06-10 10:30:00-04:00,202.86000061035156,204.3500061035156,202.72999572753903,204.1199951171875,3691607,0.00616158145652812,-0.07858219337756545,1.6200103759765625
2025-06-10 11:00:00-04:00,204.11000061035156,204.23199462890625,203.1999969482422,203.31500244140625,2933390,-0.003943722785801018,-0.20538941442033243,1.0319976806640625
2025-06-10 11:30:00-04:00,203.32000732421875,203.32000732421875,202.3000946044922,202.9199981689453,2224996,-0.0019428191118103788,-0.24149328933418335,1.0199127197265625
2025-06-10 12:00:00-04:00,202.92999267578125,203.1499938964844,202.3999938964844,202.5388031005859,2069138,-0.0018785485501632282,-0.07004866525602738,0.75
2025-06-10 12:30:00-04:00,202.52999877929688,202.76300048828125,202.0704040527344,202.5850067138672,1701436,0.00022812227866442214,-0.1777078184248706,0.6925964355468466
2025-06-10 13:00:00-04:00,202.5850067138672,202.64500427246097,201.75,201.7599945068359,2461786,-0.004072424807806896,0.44688721762088024,0.8950042724609659
2025-06-10 13:30:00-04:00,201.7749938964844,202.02999877929688,201.30999755859375,201.75,2857000,-4.953661334272663e-05,0.16053954324218278,0.720001220703125
2025-06-10 14:00:00-04:00,201.75030517578125,202.1000061035156,201.36000061035156,201.6999969482422,2269577,-0.00024784660103005507,-0.20560833041652082,0.7400054931640341
2025-06-10 14:30:00-04:00,201.69000244140625,203.0735015869141,201.6000061035156,202.66000366210935,2420984,0.004759577235459833,0.06671155021398256,1.4734954833984943
2025-06-10 15:00:00-04:00,202.69000244140625,203.2250061035156,202.6499938964844,202.82000732421875,2534824,0.0007895177105403661,0.047022202542437386,0.5750122070311932
2025-06-10 15:30:00-04:00,202.82110595703125,202.9750061035156,202.3300018310547,202.75,4081286,-0.0003451697154651656,0.610086538552578,0.6450042724609091
2025-06-11 09:30:00-04:00,203.47000122070312,204.5,202.5,202.7801055908203,6969169,0.00014848626791774677,0.7075914307402127,2.0
2025-06-11 10:00:00-04:00,202.8000030517578,203.02999877929688,202.3300018310547,202.76010131835935,3417800,-9.865007419085359e-05,-0.5095828498347508,0.6999969482421875
2025-06-11 10:30:00-04:00,202.7599945068359,202.77000427246097,201.91000366210935,202.1898956298828,3097791,-0.0028122184037639997,-0.09363011293814738,0.8600006103516193
2025-06-11 11:00:00-04:00,202.125,202.1847991943359,200.91000366210935,200.94000244140625,4135513,-0.0061817786916738005,0.3349877380365558,1.2747955322265625
2025-06-11 11:30:00-04:00,200.89500427246097,201.1699981689453,200.6199951171875,200.7400054931641,3281855,-0.0009953067871614207,-0.20642130734445763,0.5500030517578125
2025-06-11 12:00:00-04:00,200.72999572753903,200.7599945068359,199.65960693359375,200.2071075439453,6950431,-0.002654667403787281,1.1178361018387468,1.100387573242159
2025-06-11 12:30:00-04:00,200.19070434570312,200.83999633789065,200.18499755859375,200.66000366210935,3717877,0.0022621380615301945,-0.46508684137717504,0.6549987792969034
2025-06-11 13:00:00-04:00,200.6499938964844,201.2364959716797,200.55999755859375,200.91000366210935,2111382,0.001245888544988638,-0.4321000936824968,0.6764984130859375
2025-06-11 13:30:00-04:00,200.90499877929688,200.98500061035156,199.80999755859375,199.90499877929688,2625217,-0.005002264021171876,0.24336429883365485,1.1750030517578125
2025-06-11 14:00:00-04:00,199.91000366210935,200.0,198.7100067138672,199.23919677734375,3703096,-0.0033305920613230233,0.4105866296005245,1.2899932861328125
2025-06-11 14:30:00-04:00,199.22000122070312,199.6000061035156,198.76499938964844,199.0652008056641,3075321,-0.0008733019129468778,-0.16952706600098943,0.8350067138671591
2025-06-11 15:00:00-04:00,199.0800018310547,199.3610992431641,198.6199951171875,198.97999572753903,3433992,-0.0004280259823424837,0.11662880070080495,0.7411041259765909
2025-06-11 15:30:00-04:00,198.9499969482422,199.125,198.41000366210935,198.8500061035156,6085149,-0.0006532798613657631,0.7720335399733023,0.7149963378906534
2025-06-12 09:30:00-04:00,199.0800018310547,199.38999938964844,197.73959350585935,197.94000244140625,6815871,-0.004576332080350132,0.12008284431490512,1.650405883789091
2025-06-12 10:00:00-04:00,197.9250030517578,198.77999877929688,197.360107421875,198.0666961669922,3772446,0.0006400612510018,-0.44652033467182695,1.419891357421875
2025-06-12 10:30:00-04:00,198.0800018310547,198.5800018310547,198.0099945068359,198.27879333496097,2362816,0.0010708371072638556,-0.37366472575087883,0.5700073242187784
2025-06-12 11:00:00-04:00,198.2599945068359,198.9250030517578,197.8627014160156,198.1499938964844,2961742,-0.0006495875646115312,0.2534797462011431,1.062301635742216
2025-06-12 11:30:00-04:00,198.1336975097656,198.3278045654297,197.7550048828125,198.3000030517578,1985602,0.0007570484980774506,-0.3295830629406613,0.5727996826171875
2025-06-12 12:00:00-04:00,198.3097991943359,198.63999938964844,198.0800018310547,198.58999633789065,1781669,0.00146239678098814,-0.10270587962743793,0.55999755859375
2025-06-12 12:30:00-04:00,198.5800018310547,198.97000122070312,198.2100067138672,198.5625,1983691,-0.0001384578196168551,0.11338918732940861,0.7599945068359375
2025-06-12 13:00:00-04:00,198.57000732421875,199.44000244140625,198.4600067138672,199.2599945068359,2196851,0.0035127202106939315,0.10745625200699105,0.9799957275390625
2025-06-12 13:30:00-04:00,199.2599945068359,199.67990112304688,198.94039916992188,198.94039916992188,1606822,-0.0016039112000630906,-0.26857943483650004,0.739501953125
2025-06-12 14:00:00-04:00,198.9600067138672,199.19000244140625,198.6696014404297,198.75,1720923,-0.0009570663913227584,0.07101035460057181,0.5204010009765625
2025-06-12 14:30:00-04:00,198.7599945068359,199.02999877929688,198.5449981689453,198.98500061035156,1717527,0.0011823930080581135,-0.0019733596447952806,0.4850006103515625
2025-06-12 15:00:00-04:00,198.9949951171875,199.0500030517578,198.82989501953125,198.8849945068359,1346951,-0.0005025811152041815,-0.2157613824993726,0.2201080322265625
2025-06-12 15:30:00-04:00,198.8800048828125,199.1999969482422,198.3999938964844,199.1999969482422,3810648,0.001583842170634231,1.8290917783943144,0.8000030517577841
2025-06-13 09:30:00-04:00,199.5099945068359,200.3699951171875,196.7599945068359,196.8999938964844,10139833,-0.011546200235913573,1.6609209247351107,3.610000610351591
2025-06-13 10:00:00-04:00,196.9499969482422,197.3972930908203,195.91000366210935,196.15499877929688,4698485,-0.0037836218399234234,-0.5366309287342306,1.487289428710966
2025-06-13 10:30:00-04:00,196.13999938964844,197.1997985839844,195.97999572753903,197.11000061035156,3468069,0.004868608177195588,-0.26187505121331667,1.2198028564453693
2025-06-13 11:00:00-04:00,197.11000061035156,197.63999938964844,196.97999572753903,197.5099945068359,2402001,0.002029292756561052,-0.3073952680872266,0.6600036621094034
2025-06-13 11:30:00-04:00,197.52000427246097,197.8800048828125,197.2100067138672,197.6887969970703,1974822,0.0009052832525304755,-0.17784297342091027,0.6699981689453125
2025-06-13 12:00:00-04:00,197.67999267578125,198.04750061035156,197.22000122070312,197.27000427246097,2103199,-0.0021184443983214285,0.06500687150538131,0.8274993896484375
2025-06-13 12:30:00-04:00,197.2899932861328,197.57000732421875,197.0800018310547,197.4600067138672,1907377,0.0009631593110517311,-0.09310673882975407,0.4900054931640625
2025-06-13 13:00:00-04:00,197.42999267578125,197.52999877929688,196.9199981689453,197.27000427246097,1703748,-0.0009622325278331179,-0.10675865337581403,0.6100006103515625
2025-06-13 13:30:00-04:00,197.25,197.7100067138672,197.1999969482422,197.5399932861328,1320334,0.001368626794872263,-0.22504149674717155,0.510009765625
2025-06-13 14:00:00-04:00,197.5399932861328,197.69000244140625,196.22000122070312,196.2779998779297,2691753,-0.006388546375898474,1.0386909675885043,1.470001220703125
2025-06-13 14:30:00-04:00,196.2599945068359,196.48500061035156,195.80999755859375,196.46499633789065,2904207,0.0009527122758397066,0.07892774708526384,0.6750030517578125
2025-06-13 15:00:00-04:00,196.4550018310547,196.63999938964844,196.0800018310547,196.22000122070312,2262025,-0.0012470166276651318,-0.22112129059671026,0.55999755859375
2025-06-13 15:30:00-04:00,196.2400054931641,196.69000244140625,195.77000427246097,196.4499969482422,5657582,0.0011721319239028638,1.501113825001934,0.9199981689452841
2025-06-16 09:30:00-04:00,197.2899932861328,198.3500061035156,196.5635986328125,198.32000732421875,7104987,0.009519014533093895,0.2558345597111982,1.7864074707030966
2025-06-16 10:00:00-04:00,198.33999633789065,198.68499755859375,197.63999938964844,198.42999267578125,3487919,0.0005545852536334994,-0.5090886162071795,1.0449981689453125
2025-06-16 10:30:00-04:00,198.43499755859375,198.66000366210935,198.0099945068359,198.22000122070312,2449299,-0.0010582646919774508,-0.2977764105187076,0.6500091552734375
2025-06-16 11:00:00-04:00,198.2250061035156,198.2250061035156,197.1649932861328,197.31500244140625,2641715,-0.0045656279574392,0.07855962052815935,1.060012817382784
2025-06-16 11:30:00-04:00,197.30999755859375,197.4900054931641,196.875,197.36990356445312,2630936,0.0002782409972257316,-0.004080303893493453,0.6150054931640909
2025-06-16 12:00:00-04:00,197.3650054931641,197.6300048828125,197.02000427246097,197.0800018310547,1638743,-0.0014688244163010289,-0.37712547929710183,0.6100006103515341
2025-06-16 12:30:00-04:00,197.1000061035156,197.6000061035156,197.02000427246097,197.52000427246097,1221293,0.0022326082672936565,-0.2547379302306707,0.5800018310546307
2025-06-16 13:00:00-04:00,197.5099945068359,197.9550018310547,197.3300018310547,197.875,1457087,0.001797264681350219,0.19306914884470805,0.625
2025-06-16 13:30:00-04:00,197.8849945068359,198.19000244140625,197.77000427246097,197.83999633789065,1953842,-0.0001768978502051377,0.3409233628465562,0.4199981689452841
2025-06-16 14:00:00-04:00,197.86000061035156,198.1298065185547,197.80999755859375,197.9886932373047,1246983,0.0007516018103845834,-0.361778997482908,0.3198089599609375
2025-06-16 14:30:00-04:00,197.9900054931641,198.39849853515625,197.77000427246097,198.32009887695312,1371752,0.0016738614424371967,0.10005669684350149,0.6284942626952841
2025-06-16 15:00:00-04:00,198.32000732421875,198.3999938964844,197.66000366210935,198.2449951171875,2197394,-0.00037869968899229,0.6018886795863976,0.7399902343750568
2025-06-16 15:30:00-04:00,198.2449951171875,198.4900054931641,197.92999267578125,198.3699951171875,4718967,0.0006305329419595829,1.1475288455324808,0.5600128173828409
